date,brand,sessions,product_views,add_to_cart,checkout,purchases
2025-01-01,AuraGlow,755,326,46,22,15
2025-01-01,UrbanThread,1471,513,37,14,8
2025-01-01,HomeNest,918,343,42,20,13
2025-01-01,TechEase,1349,495,47,19,11
2025-01-01,WellRoot,916,389,49,24,17
2025-01-02,AuraGlow,1173,507,69,34,24
2025-01-02,UrbanThread,1804,625,45,18,11
2025-01-02,HomeNest,1064,433,54,24,14
2025-01-02,TechEase,1109,423,40,16,9
2025-01-02,WellRoot,929,413,64,36,26
2025-01-03,AuraGlow,1171,527,66,35,26
2025-01-03,UrbanThread,1708,607,59,22,13
2025-01-03,HomeNest,1058,420,49,21,13
2025-01-03,TechEase,1377,540,62,24,14
2025-01-03,WellRoot,799,375,53,27,20
2025-01-04,AuraGlow,1371,547,83,36,27
2025-01-04,UrbanThread,1524,515,45,15,9
2025-01-04,HomeNest,848,321,31,12,7
2025-01-04,TechEase,1323,508,47,19,11
2025-01-04,WellRoot,1013,518,72,39,28
2025-01-05,AuraGlow,1590,718,106,48,32
2025-01-05,UrbanThread,1647,498,40,14,8
2025-01-05,HomeNest,957,362,35,14,9
2025-01-05,TechEase,1123,444,47,16,9
2025-01-05,WellRoot,842,399,56,30,21
2025-01-06,AuraGlow,1132,475,65,31,22
2025-01-06,UrbanThread,1678,591,57,20,11
2025-01-06,HomeNest,1075,446,42,16,10
2025-01-06,TechEase,1238,520,49,22,13
2025-01-06,WellRoot,980,428,59,29,22
2025-01-07,AuraGlow,1404,559,66,32,22
2025-01-07,UrbanThread,1258,420,36,13,7
2025-01-07,HomeNest,930,329,36,15,10
2025-01-07,TechEase,934,400,33,14,7
2025-01-07,WellRoot,722,344,48,24,17
2025-01-08,AuraGlow,1236,506,69,33,24
2025-01-08,UrbanThread,1473,542,53,18,11
2025-01-08,HomeNest,1014,401,49,23,15
2025-01-08,TechEase,1152,430,29,11,7
2025-01-08,WellRoot,1003,506,71,40,29
2025-01-09,AuraGlow,1313,556,71,36,25
2025-01-09,UrbanThread,1570,553,50,19,11
2025-01-09,HomeNest,653,253,27,11,7
2025-01-09,TechEase,1109,516,53,24,14
2025-01-09,WellRoot,814,363,51,27,19
2025-01-10,AuraGlow,1355,591,76,38,26
2025-01-10,UrbanThread,1418,448,36,14,8
2025-01-10,HomeNest,1119,444,48,21,14
2025-01-10,TechEase,1258,520,57,23,12
2025-01-10,WellRoot,935,432,62,31,22
2025-01-11,AuraGlow,1410,583,71,33,25
2025-01-11,UrbanThread,1456,453,42,15,9
2025-01-11,HomeNest,1061,354,38,15,9
2025-01-11,TechEase,1152,486,41,17,9
2025-01-11,WellRoot,807,382,56,30,22
2025-01-12,AuraGlow,1576,699,101,52,39
2025-01-12,UrbanThread,1373,502,43,15,9
2025-01-12,HomeNest,858,330,35,16,10
2025-01-12,TechEase,1065,440,53,21,12
2025-01-12,WellRoot,742,330,48,22,16
2025-01-13,AuraGlow,1096,475,67,30,21
2025-01-13,UrbanThread,1323,473,40,14,8
2025-01-13,HomeNest,982,373,45,20,13
2025-01-13,TechEase,1204,480,40,18,10
2025-01-13,WellRoot,773,386,53,27,20
2025-01-14,AuraGlow,1378,545,76,34,25
2025-01-14,UrbanThread,1590,532,51,18,10
2025-01-14,HomeNest,785,267,28,13,8
2025-01-14,TechEase,1271,468,50,23,13
2025-01-14,WellRoot,501,233,32,15,11
2025-01-15,AuraGlow,1313,582,79,36,25
2025-01-15,UrbanThread,1460,483,50,17,10
2025-01-15,HomeNest,1083,418,49,21,13
2025-01-15,TechEase,1242,467,38,16,10
2025-01-15,WellRoot,884,382,61,32,25
2025-01-16,AuraGlow,1221,475,62,28,19
2025-01-16,UrbanThread,1284,480,44,14,8
2025-01-16,HomeNest,801,288,40,18,12
2025-01-16,TechEase,1378,559,46,19,11
2025-01-16,WellRoot,482,221,31,16,11
2025-01-17,AuraGlow,1155,523,76,34,25
2025-01-17,UrbanThread,1461,539,47,17,9
2025-01-17,HomeNest,1299,466,50,21,13
2025-01-17,TechEase,1134,399,36,13,8
2025-01-17,WellRoot,734,307,41,21,15
2025-01-18,AuraGlow,785,318,43,20,14
2025-01-18,UrbanThread,1328,377,35,13,8
2025-01-18,HomeNest,1041,425,45,21,13
2025-01-18,TechEase,935,359,34,14,8
2025-01-18,WellRoot,892,403,52,27,20
2025-01-19,AuraGlow,1183,553,69,32,23
2025-01-19,UrbanThread,1873,661,61,22,13
2025-01-19,HomeNest,821,322,35,16,10
2025-01-19,TechEase,894,337,25,9,5
2025-01-19,WellRoot,844,402,39,18,13
2025-01-20,AuraGlow,1556,637,86,37,27
2025-01-20,UrbanThread,1697,517,48,17,10
2025-01-20,HomeNest,929,361,44,18,12
2025-01-20,TechEase,1423,592,68,27,16
2025-01-20,WellRoot,1143,522,73,36,26
2025-01-21,AuraGlow,1371,538,65,30,20
2025-01-21,UrbanThread,1471,479,38,15,9
2025-01-21,HomeNest,928,373,48,21,14
2025-01-21,TechEase,1126,460,50,22,13
2025-01-21,WellRoot,914,392,59,30,22
2025-01-22,AuraGlow,769,355,36,18,13
2025-01-22,UrbanThread,1288,427,38,13,8
2025-01-22,HomeNest,940,325,37,16,10
2025-01-22,TechEase,1284,524,55,24,14
2025-01-22,WellRoot,811,356,50,24,17
2025-01-23,AuraGlow,1011,437,54,27,18
2025-01-23,UrbanThread,1701,535,45,15,9
2025-01-23,HomeNest,1140,481,46,22,14
2025-01-23,TechEase,1406,554,47,19,12
2025-01-23,WellRoot,969,460,56,29,19
2025-01-24,AuraGlow,1265,573,82,40,28
2025-01-24,UrbanThread,1717,531,35,12,7
2025-01-24,HomeNest,977,373,32,14,8
2025-01-24,TechEase,1044,436,44,18,10
2025-01-24,WellRoot,846,377,54,30,21
2025-01-25,AuraGlow,1203,518,82,38,26
2025-01-25,UrbanThread,1738,580,45,15,8
2025-01-25,HomeNest,1125,393,40,17,11
2025-01-25,TechEase,1139,497,47,20,12
2025-01-25,WellRoot,723,338,49,25,18
2025-01-26,AuraGlow,1094,422,53,26,19
2025-01-26,UrbanThread,1412,415,40,13,7
2025-01-26,HomeNest,1216,460,52,21,14
2025-01-26,TechEase,1302,569,57,26,14
2025-01-26,WellRoot,962,464,61,31,23
2025-01-27,AuraGlow,1066,491,70,33,23
2025-01-27,UrbanThread,1418,482,54,19,11
2025-01-27,HomeNest,914,323,39,18,12
2025-01-27,TechEase,1148,482,44,16,9
2025-01-27,WellRoot,989,414,56,27,20
2025-01-28,AuraGlow,1262,542,64,30,22
2025-01-28,UrbanThread,1229,382,39,15,9
2025-01-28,HomeNest,857,332,34,16,10
2025-01-28,TechEase,934,310,38,15,8
2025-01-28,WellRoot,1201,538,80,36,27
2025-01-29,AuraGlow,1419,568,79,38,27
2025-01-29,UrbanThread,1608,523,35,13,8
2025-01-29,HomeNest,897,369,42,18,11
2025-01-29,TechEase,1004,382,35,15,9
2025-01-29,WellRoot,818,364,46,24,17
2025-01-30,AuraGlow,989,410,57,29,21
2025-01-30,UrbanThread,1766,596,52,16,10
2025-01-30,HomeNest,952,390,50,20,13
2025-01-30,TechEase,1125,440,43,17,10
2025-01-30,WellRoot,956,428,60,31,22
2025-01-31,AuraGlow,1179,490,58,28,20
2025-01-31,UrbanThread,1789,609,61,22,13
2025-01-31,HomeNest,864,338,37,15,9
2025-01-31,TechEase,1314,462,55,24,15
2025-01-31,WellRoot,1058,486,58,32,23
2025-02-01,AuraGlow,1344,483,64,32,24
2025-02-01,UrbanThread,1327,450,42,15,9
2025-02-01,HomeNest,1214,451,43,20,12
2025-02-01,TechEase,1194,508,43,18,11
2025-02-01,WellRoot,819,366,55,30,22
2025-02-02,AuraGlow,1326,539,72,36,27
2025-02-02,UrbanThread,1922,646,68,24,15
2025-02-02,HomeNest,750,270,32,13,8
2025-02-02,TechEase,1036,419,36,14,8
2025-02-02,WellRoot,810,347,53,24,18
2025-02-03,AuraGlow,1140,505,64,29,20
2025-02-03,UrbanThread,1625,567,48,16,9
2025-02-03,HomeNest,1017,378,47,21,13
2025-02-03,TechEase,1222,457,41,17,10
2025-02-03,WellRoot,915,429,56,27,19
2025-02-04,AuraGlow,1304,474,56,26,19
2025-02-04,UrbanThread,1320,451,46,16,9
2025-02-04,HomeNest,943,365,37,15,10
2025-02-04,TechEase,1192,518,53,23,14
2025-02-04,WellRoot,891,339,48,24,16
2025-02-05,AuraGlow,1596,603,94,41,29
2025-02-05,UrbanThread,1513,516,53,19,11
2025-02-05,HomeNest,1145,445,42,18,10
2025-02-05,TechEase,1041,435,38,16,9
2025-02-05,WellRoot,888,419,52,27,19
2025-02-06,AuraGlow,1156,507,77,36,25
2025-02-06,UrbanThread,1492,500,34,11,7
2025-02-06,HomeNest,1158,415,55,24,14
2025-02-06,TechEase,1190,492,44,16,9
2025-02-06,WellRoot,1047,493,63,33,24
2025-02-07,AuraGlow,997,426,54,27,19
2025-02-07,UrbanThread,1492,499,44,17,10
2025-02-07,HomeNest,945,382,37,16,11
2025-02-07,TechEase,1033,445,32,13,7
2025-02-07,WellRoot,1022,513,67,34,24
2025-02-08,AuraGlow,1468,577,88,37,27
2025-02-08,UrbanThread,1788,612,52,17,10
2025-02-08,HomeNest,985,360,43,17,11
2025-02-08,TechEase,1429,538,42,19,12
2025-02-08,WellRoot,614,304,44,22,17
2025-02-09,AuraGlow,1124,499,75,36,24
2025-02-09,UrbanThread,1195,412,35,13,7
2025-02-09,HomeNest,857,289,30,11,7
2025-02-09,TechEase,1301,486,47,18,10
2025-02-09,WellRoot,798,374,53,26,18
2025-02-10,AuraGlow,1520,678,91,44,30
2025-02-10,UrbanThread,1393,487,44,17,10
2025-02-10,HomeNest,893,388,40,20,13
2025-02-10,TechEase,1306,475,52,23,14
2025-02-10,WellRoot,712,323,45,23,17
2025-02-11,AuraGlow,1200,454,63,29,21
2025-02-11,UrbanThread,1342,511,47,16,10
2025-02-11,HomeNest,959,381,41,17,11
2025-02-11,TechEase,1272,546,54,21,13
2025-02-11,WellRoot,986,464,60,31,23
2025-02-12,AuraGlow,1242,526,70,32,22
2025-02-12,UrbanThread,1564,571,47,17,11
2025-02-12,HomeNest,1050,455,56,24,16
2025-02-12,TechEase,868,357,36,15,8
2025-02-12,WellRoot,844,367,55,29,22
2025-02-13,AuraGlow,1264,526,76,34,23
2025-02-13,UrbanThread,1856,630,53,18,11
2025-02-13,HomeNest,858,284,32,15,9
2025-02-13,TechEase,1379,551,54,22,13
2025-02-13,WellRoot,1003,459,74,39,30
2025-02-14,AuraGlow,1382,550,59,27,19
2025-02-14,UrbanThread,2019,728,56,19,11
2025-02-14,HomeNest,1215,484,41,17,11
2025-02-14,TechEase,1074,446,43,17,10
2025-02-14,WellRoot,733,365,54,26,19
2025-02-15,AuraGlow,1125,501,72,34,23
2025-02-15,UrbanThread,1604,518,50,18,12
2025-02-15,HomeNest,1216,496,43,19,12
2025-02-15,TechEase,1197,468,47,19,10
2025-02-15,WellRoot,1040,458,73,40,31
2025-02-16,AuraGlow,852,376,47,21,15
2025-02-16,UrbanThread,1606,574,53,18,11
2025-02-16,HomeNest,1151,449,52,21,14
2025-02-16,TechEase,1173,502,43,18,10
2025-02-16,WellRoot,831,374,52,25,18
2025-02-17,AuraGlow,1345,629,87,40,27
2025-02-17,UrbanThread,1405,451,41,15,9
2025-02-17,HomeNest,956,368,36,16,11
2025-02-17,TechEase,1172,479,58,23,13
2025-02-17,WellRoot,1042,481,69,37,28
2025-02-18,AuraGlow,1216,487,60,27,19
2025-02-18,UrbanThread,1739,540,49,16,9
2025-02-18,HomeNest,1210,485,37,16,10
2025-02-18,TechEase,970,379,47,20,12
2025-02-18,WellRoot,1028,453,69,40,31
2025-02-19,AuraGlow,1319,525,78,36,25
2025-02-19,UrbanThread,1311,461,36,13,8
2025-02-19,HomeNest,1253,507,61,27,17
2025-02-19,TechEase,1354,532,48,20,11
2025-02-19,WellRoot,969,472,70,33,24
2025-02-20,AuraGlow,1295,572,79,37,27
2025-02-20,UrbanThread,1592,552,43,15,8
2025-02-20,HomeNest,1019,372,41,18,10
2025-02-20,TechEase,1244,479,46,18,10
2025-02-20,WellRoot,676,297,38,19,13
2025-02-21,AuraGlow,1237,491,68,33,24
2025-02-21,UrbanThread,1442,523,47,17,10
2025-02-21,HomeNest,880,336,49,21,15
2025-02-21,TechEase,1347,623,69,26,15
2025-02-21,WellRoot,824,373,55,31,24
2025-02-22,AuraGlow,1267,524,69,35,25
2025-02-22,UrbanThread,1722,556,30,10,6
2025-02-22,HomeNest,1288,499,57,24,15
2025-02-22,TechEase,963,391,42,18,11
2025-02-22,WellRoot,705,333,50,25,19
2025-02-23,AuraGlow,1626,663,79,36,24
2025-02-23,UrbanThread,1859,629,58,22,14
2025-02-23,HomeNest,924,328,39,17,11
2025-02-23,TechEase,1164,467,42,18,11
2025-02-23,WellRoot,995,447,66,35,26
2025-02-24,AuraGlow,1372,538,66,32,23
2025-02-24,UrbanThread,1367,427,42,15,9
2025-02-24,HomeNest,1396,600,63,28,18
2025-02-24,TechEase,1049,437,44,19,11
2025-02-24,WellRoot,968,449,77,39,29
2025-02-25,AuraGlow,1138,465,60,28,18
2025-02-25,UrbanThread,1509,475,36,12,7
2025-02-25,HomeNest,990,372,35,16,10
2025-02-25,TechEase,1465,632,68,27,16
2025-02-25,WellRoot,803,374,47,24,17
2025-02-26,AuraGlow,774,340,45,22,16
2025-02-26,UrbanThread,1620,551,41,14,8
2025-02-26,HomeNest,876,310,29,13,8
2025-02-26,TechEase,1132,514,50,20,11
2025-02-26,WellRoot,980,441,56,28,21
2025-02-27,AuraGlow,1334,511,74,33,24
2025-02-27,UrbanThread,1511,554,51,17,10
2025-02-27,HomeNest,938,369,36,17,11
2025-02-27,TechEase,1079,423,43,17,10
2025-02-27,WellRoot,789,357,50,24,18
2025-02-28,AuraGlow,1352,552,73,34,23
2025-02-28,UrbanThread,1535,507,48,17,10
2025-02-28,HomeNest,1013,391,41,18,11
2025-02-28,TechEase,1077,417,38,16,9
2025-02-28,WellRoot,963,451,53,26,19
2025-03-01,AuraGlow,1037,408,54,27,20
2025-03-01,UrbanThread,1817,578,56,19,12
2025-03-01,HomeNest,1172,399,47,22,14
2025-03-01,TechEase,1174,477,48,22,13
2025-03-01,WellRoot,993,425,58,28,19
2025-03-02,AuraGlow,1421,599,76,39,28
2025-03-02,UrbanThread,1557,465,44,16,9
2025-03-02,HomeNest,683,282,34,16,10
2025-03-02,TechEase,1084,498,46,19,10
2025-03-02,WellRoot,886,374,47,23,17
2025-03-03,AuraGlow,914,380,46,22,15
2025-03-03,UrbanThread,1617,455,41,14,8
2025-03-03,HomeNest,972,406,43,16,10
2025-03-03,TechEase,1179,437,39,17,10
2025-03-03,WellRoot,1157,538,76,41,31
2025-03-04,AuraGlow,1400,573,75,32,23
2025-03-04,UrbanThread,1624,532,48,15,8
2025-03-04,HomeNest,983,357,43,19,13
2025-03-04,TechEase,1219,494,44,20,11
2025-03-04,WellRoot,659,303,42,23,18
2025-03-05,AuraGlow,1328,570,77,36,25
2025-03-05,UrbanThread,1393,504,52,15,9
2025-03-05,HomeNest,823,307,35,15,9
2025-03-05,TechEase,1069,423,32,14,8
2025-03-05,WellRoot,763,353,55,27,18
2025-03-06,AuraGlow,1182,531,58,27,19
2025-03-06,UrbanThread,1746,638,68,23,14
2025-03-06,HomeNest,1191,452,45,21,13
2025-03-06,TechEase,1175,479,43,17,10
2025-03-06,WellRoot,723,322,44,22,17
2025-03-07,AuraGlow,1296,546,78,37,24
2025-03-07,UrbanThread,1386,499,50,19,11
2025-03-07,HomeNest,1183,481,46,19,12
2025-03-07,TechEase,1538,593,56,22,13
2025-03-07,WellRoot,1027,516,67,33,24
2025-03-08,AuraGlow,818,362,46,22,15
2025-03-08,UrbanThread,1457,468,40,15,9
2025-03-08,HomeNest,1223,465,56,25,17
2025-03-08,TechEase,1184,487,51,20,11
2025-03-08,WellRoot,954,448,67,34,25
2025-03-09,AuraGlow,1348,574,72,33,25
2025-03-09,UrbanThread,1766,576,53,19,10
2025-03-09,HomeNest,984,392,44,19,12
2025-03-09,TechEase,1073,471,38,15,8
2025-03-09,WellRoot,876,397,51,27,20
2025-03-10,AuraGlow,1487,660,83,44,32
2025-03-10,UrbanThread,1937,633,54,17,10
2025-03-10,HomeNest,1062,419,44,18,11
2025-03-10,TechEase,976,386,41,16,9
2025-03-10,WellRoot,925,361,52,27,21
2025-03-11,AuraGlow,921,379,44,21,14
2025-03-11,UrbanThread,1606,602,75,25,15
2025-03-11,HomeNest,1234,419,56,24,15
2025-03-11,TechEase,1156,474,44,17,9
2025-03-11,WellRoot,799,412,60,27,19
2025-03-12,AuraGlow,1184,489,64,28,20
2025-03-12,UrbanThread,1592,525,52,19,11
2025-03-12,HomeNest,1005,373,42,18,12
2025-03-12,TechEase,1242,432,50,21,12
2025-03-12,WellRoot,882,401,50,26,20
2025-03-13,AuraGlow,1251,531,65,31,21
2025-03-13,UrbanThread,1741,615,49,17,10
2025-03-13,HomeNest,1025,406,44,18,11
2025-03-13,TechEase,900,389,38,16,9
2025-03-13,WellRoot,918,429,64,34,27
2025-03-14,AuraGlow,1491,668,87,42,30
2025-03-14,UrbanThread,1564,452,29,9,5
2025-03-14,HomeNest,1168,435,47,22,14
2025-03-14,TechEase,1274,452,38,16,9
2025-03-14,WellRoot,717,354,44,20,15
2025-03-15,AuraGlow,1250,571,83,40,28
2025-03-15,UrbanThread,1376,432,47,18,11
2025-03-15,HomeNest,778,315,32,13,9
2025-03-15,TechEase,1246,514,55,22,12
2025-03-15,WellRoot,633,291,39,20,15
2025-03-16,AuraGlow,1156,440,51,25,18
2025-03-16,UrbanThread,1653,548,51,16,9
2025-03-16,HomeNest,931,338,36,15,9
2025-03-16,TechEase,1171,461,53,21,12
2025-03-16,WellRoot,311,150,21,10,7
2025-03-17,AuraGlow,1542,672,83,42,31
2025-03-17,UrbanThread,1753,576,56,20,13
2025-03-17,HomeNest,800,293,35,13,8
2025-03-17,TechEase,951,407,39,16,9
2025-03-17,WellRoot,1104,520,69,37,27
2025-03-18,AuraGlow,903,347,43,20,13
2025-03-18,UrbanThread,1477,495,56,20,12
2025-03-18,HomeNest,1026,406,52,23,15
2025-03-18,TechEase,980,439,52,22,12
2025-03-18,WellRoot,1042,415,62,28,21
2025-03-19,AuraGlow,1158,437,54,26,18
2025-03-19,UrbanThread,1614,562,54,19,11
2025-03-19,HomeNest,1102,433,46,18,11
2025-03-19,TechEase,895,363,37,14,8
2025-03-19,WellRoot,803,357,44,23,17
2025-03-20,AuraGlow,1708,715,89,41,29
2025-03-20,UrbanThread,1359,463,34,10,6
2025-03-20,HomeNest,1066,413,44,18,11
2025-03-20,TechEase,1079,427,40,16,8
2025-03-20,WellRoot,735,322,48,23,16
2025-03-21,AuraGlow,1019,443,60,29,20
2025-03-21,UrbanThread,1940,655,59,20,12
2025-03-21,HomeNest,896,335,40,15,9
2025-03-21,TechEase,1228,473,48,21,12
2025-03-21,WellRoot,1156,504,73,40,30
2025-03-22,AuraGlow,1148,474,63,29,20
2025-03-22,UrbanThread,1453,441,36,13,8
2025-03-22,HomeNest,971,347,35,14,8
2025-03-22,TechEase,1054,372,35,14,8
2025-03-22,WellRoot,780,330,48,22,16
2025-03-23,AuraGlow,1256,514,61,32,23
2025-03-23,UrbanThread,1480,459,40,15,9
2025-03-23,HomeNest,1089,435,51,22,13
2025-03-23,TechEase,1411,552,61,25,15
2025-03-23,WellRoot,888,385,45,22,15
2025-03-24,AuraGlow,1375,574,84,38,25
2025-03-24,UrbanThread,1438,454,40,12,7
2025-03-24,HomeNest,898,295,25,10,6
2025-03-24,TechEase,1105,389,37,14,8
2025-03-24,WellRoot,958,408,56,27,18
2025-03-25,AuraGlow,1528,659,95,46,33
2025-03-25,UrbanThread,1732,604,67,26,16
2025-03-25,HomeNest,1258,500,55,21,14
2025-03-25,TechEase,1317,518,50,22,13
2025-03-25,WellRoot,647,318,43,22,16
2025-03-26,AuraGlow,1249,527,67,32,24
2025-03-26,UrbanThread,1692,569,49,16,9
2025-03-26,HomeNest,693,241,29,12,7
2025-03-26,TechEase,974,380,41,17,10
2025-03-26,WellRoot,988,445,58,27,21
2025-03-27,AuraGlow,1125,434,65,30,22
2025-03-27,UrbanThread,1220,420,44,15,9
2025-03-27,HomeNest,1307,535,57,23,15
2025-03-27,TechEase,905,349,37,15,8
2025-03-27,WellRoot,1026,457,74,38,28
2025-03-28,AuraGlow,1012,422,46,21,14
2025-03-28,UrbanThread,1673,642,69,23,13
2025-03-28,HomeNest,1145,414,40,16,10
2025-03-28,TechEase,1186,443,33,14,8
2025-03-28,WellRoot,414,176,22,11,8
2025-03-29,AuraGlow,1212,571,83,40,29
2025-03-29,UrbanThread,1457,478,32,10,6
2025-03-29,HomeNest,1030,406,46,20,13
2025-03-29,TechEase,1068,432,47,19,10
2025-03-29,WellRoot,1115,486,65,33,24
2025-03-30,AuraGlow,969,460,63,30,21
2025-03-30,UrbanThread,1654,513,36,12,7
2025-03-30,HomeNest,1099,474,64,27,18
2025-03-30,TechEase,1127,453,38,16,9
2025-03-30,WellRoot,816,400,50,27,21
2025-03-31,AuraGlow,1404,554,72,36,27
2025-03-31,UrbanThread,1637,540,44,16,9
2025-03-31,HomeNest,1075,385,44,18,12
2025-03-31,TechEase,1292,501,52,21,13
2025-03-31,WellRoot,1067,528,74,37,26
2025-04-01,AuraGlow,1388,586,79,38,26
2025-04-01,UrbanThread,1805,559,50,17,10
2025-04-01,HomeNest,1355,510,62,29,18
2025-04-01,TechEase,1229,496,47,21,12
2025-04-01,WellRoot,1021,466,69,38,28
2025-04-02,AuraGlow,1274,521,76,38,26
2025-04-02,UrbanThread,1624,523,51,19,12
2025-04-02,HomeNest,901,326,42,17,10
2025-04-02,TechEase,998,428,36,15,8
2025-04-02,WellRoot,1123,527,73,39,28
2025-04-03,AuraGlow,1139,469,65,29,21
2025-04-03,UrbanThread,1698,519,44,14,8
2025-04-03,HomeNest,629,239,25,11,7
2025-04-03,TechEase,898,362,28,10,6
2025-04-03,WellRoot,926,437,62,31,22
2025-04-04,AuraGlow,1602,672,84,42,31
2025-04-04,UrbanThread,1519,545,49,18,11
2025-04-04,HomeNest,835,315,28,12,7
2025-04-04,TechEase,1125,470,49,18,10
2025-04-04,WellRoot,706,318,47,23,17
2025-04-05,AuraGlow,1251,512,58,27,19
2025-04-05,UrbanThread,1404,504,45,16,10
2025-04-05,HomeNest,1229,479,52,25,18
2025-04-05,TechEase,1089,455,42,19,11
2025-04-05,WellRoot,987,451,61,29,21
2025-04-06,AuraGlow,1134,487,64,33,22
2025-04-06,UrbanThread,1951,593,50,17,10
2025-04-06,HomeNest,824,345,41,17,11
2025-04-06,TechEase,1005,410,39,15,8
2025-04-06,WellRoot,1107,504,62,32,25
2025-04-07,AuraGlow,1321,543,67,36,25
2025-04-07,UrbanThread,1463,499,38,12,6
2025-04-07,HomeNest,830,308,32,13,8
2025-04-07,TechEase,1177,469,47,19,11
2025-04-07,WellRoot,728,356,45,21,15
2025-04-08,AuraGlow,1371,583,63,30,20
2025-04-08,UrbanThread,1842,570,44,14,9
2025-04-08,HomeNest,573,242,21,10,6
2025-04-08,TechEase,1158,471,42,17,9
2025-04-08,WellRoot,778,360,54,25,18
2025-04-09,AuraGlow,1251,494,76,38,28
2025-04-09,UrbanThread,1413,599,54,20,13
2025-04-09,HomeNest,1071,451,55,24,15
2025-04-09,TechEase,1001,364,38,15,8
2025-04-09,WellRoot,741,356,42,22,16
2025-04-10,AuraGlow,1081,443,51,22,16
2025-04-10,UrbanThread,1632,576,46,15,9
2025-04-10,HomeNest,1054,384,42,19,12
2025-04-10,TechEase,1118,416,43,17,10
2025-04-10,WellRoot,1299,546,73,39,29
2025-04-11,AuraGlow,1337,531,71,37,25
2025-04-11,UrbanThread,1306,438,35,14,8
2025-04-11,HomeNest,574,224,24,10,6
2025-04-11,TechEase,1066,466,47,20,12
2025-04-11,WellRoot,584,286,33,18,14
2025-04-12,AuraGlow,1470,565,72,32,22
2025-04-12,UrbanThread,1695,540,46,15,9
2025-04-12,HomeNest,1186,434,52,22,15
2025-04-12,TechEase,1080,486,52,23,13
2025-04-12,WellRoot,865,431,60,30,22
2025-04-13,AuraGlow,1142,458,67,30,21
2025-04-13,UrbanThread,2058,585,40,12,7
2025-04-13,HomeNest,892,346,34,14,9
2025-04-13,TechEase,1226,509,52,20,11
2025-04-13,WellRoot,901,410,59,28,21
2025-04-14,AuraGlow,1382,542,76,35,25
2025-04-14,UrbanThread,1611,501,41,12,7
2025-04-14,HomeNest,1124,520,61,24,15
2025-04-14,TechEase,1023,412,45,21,11
2025-04-14,WellRoot,1041,471,70,38,29
2025-04-15,AuraGlow,978,418,47,23,16
2025-04-15,UrbanThread,1486,484,43,14,9
2025-04-15,HomeNest,1101,417,37,16,10
2025-04-15,TechEase,1261,560,60,25,14
2025-04-15,WellRoot,944,414,58,32,25
2025-04-16,AuraGlow,1100,415,49,25,18
2025-04-16,UrbanThread,1250,348,30,10,5
2025-04-16,HomeNest,1038,416,48,21,13
2025-04-16,TechEase,1100,438,49,17,10
2025-04-16,WellRoot,701,319,45,23,17
2025-04-17,AuraGlow,1079,449,61,28,18
2025-04-17,UrbanThread,1614,571,62,21,12
2025-04-17,HomeNest,1151,427,41,17,10
2025-04-17,TechEase,1547,554,62,27,16
2025-04-17,WellRoot,938,440,59,31,23
2025-04-18,AuraGlow,1253,532,70,35,25
2025-04-18,UrbanThread,1022,335,28,10,5
2025-04-18,HomeNest,914,356,42,17,10
2025-04-18,TechEase,1230,513,53,20,11
2025-04-18,WellRoot,937,457,63,33,24
2025-04-19,AuraGlow,1101,497,68,29,21
2025-04-19,UrbanThread,1592,542,52,20,11
2025-04-19,HomeNest,1147,495,50,21,13
2025-04-19,TechEase,1158,477,62,25,14
2025-04-19,WellRoot,905,419,56,28,21
2025-04-20,AuraGlow,1177,470,56,26,19
2025-04-20,UrbanThread,1212,420,31,11,6
2025-04-20,HomeNest,847,311,36,14,8
2025-04-20,TechEase,1173,531,38,15,8
2025-04-20,WellRoot,996,492,63,33,25
2025-04-21,AuraGlow,1114,512,63,27,20
2025-04-21,UrbanThread,1593,519,56,19,11
2025-04-21,HomeNest,1091,415,33,14,9
2025-04-21,TechEase,1339,585,45,19,10
2025-04-21,WellRoot,819,376,50,25,18
2025-04-22,AuraGlow,1251,528,79,34,24
2025-04-22,UrbanThread,1732,610,53,17,10
2025-04-22,HomeNest,1069,382,41,18,12
2025-04-22,TechEase,1148,447,48,18,10
2025-04-22,WellRoot,1021,500,67,34,24
2025-04-23,AuraGlow,1093,536,60,29,21
2025-04-23,UrbanThread,1654,566,58,19,12
2025-04-23,HomeNest,1166,456,50,22,14
2025-04-23,TechEase,768,332,30,11,6
2025-04-23,WellRoot,926,407,56,27,20
2025-04-24,AuraGlow,1165,486,55,24,18
2025-04-24,UrbanThread,1613,608,65,25,15
2025-04-24,HomeNest,735,268,31,14,9
2025-04-24,TechEase,1420,555,47,21,12
2025-04-24,WellRoot,1158,537,73,36,24
2025-04-25,AuraGlow,1292,543,65,33,24
2025-04-25,UrbanThread,1416,380,30,9,5
2025-04-25,HomeNest,1490,544,56,26,16
2025-04-25,TechEase,1407,490,55,23,14
2025-04-25,WellRoot,827,418,59,29,22
2025-04-26,AuraGlow,1411,550,80,36,26
2025-04-26,UrbanThread,1631,483,37,11,6
2025-04-26,HomeNest,1167,415,45,18,11
2025-04-26,TechEase,1509,598,65,27,16
2025-04-26,WellRoot,1163,517,68,35,26
2025-04-27,AuraGlow,1070,430,50,25,17
2025-04-27,UrbanThread,1727,510,52,18,10
2025-04-27,HomeNest,695,299,34,13,8
2025-04-27,TechEase,1171,475,44,20,12
2025-04-27,WellRoot,1457,691,106,53,38
2025-04-28,AuraGlow,1191,518,73,34,25
2025-04-28,UrbanThread,1555,537,51,20,12
2025-04-28,HomeNest,1115,389,49,21,13
2025-04-28,TechEase,986,413,40,18,10
2025-04-28,WellRoot,1124,513,84,46,35
2025-04-29,AuraGlow,1309,580,78,34,25
2025-04-29,UrbanThread,1493,529,50,17,10
2025-04-29,HomeNest,728,297,30,12,7
2025-04-29,TechEase,1389,620,67,27,16
2025-04-29,WellRoot,1079,502,65,33,24
2025-04-30,AuraGlow,1343,499,64,31,21
2025-04-30,UrbanThread,1624,586,49,17,10
2025-04-30,HomeNest,1038,333,39,17,10
2025-04-30,TechEase,1332,564,52,21,12
2025-04-30,WellRoot,1008,482,69,36,27
2025-05-01,AuraGlow,1195,463,63,34,24
2025-05-01,UrbanThread,1622,587,56,22,14
2025-05-01,HomeNest,1178,451,50,21,13
2025-05-01,TechEase,1357,522,61,27,15
2025-05-01,WellRoot,1063,546,78,39,28
2025-05-02,AuraGlow,1354,597,70,33,24
2025-05-02,UrbanThread,1442,438,36,14,8
2025-05-02,HomeNest,759,273,33,14,9
2025-05-02,TechEase,837,324,33,14,8
2025-05-02,WellRoot,762,335,43,22,16
2025-05-03,AuraGlow,1095,493,60,28,20
2025-05-03,UrbanThread,1669,568,52,20,12
2025-05-03,HomeNest,1047,339,35,15,10
2025-05-03,TechEase,1214,456,46,20,12
2025-05-03,WellRoot,719,306,46,22,15
2025-05-04,AuraGlow,1413,555,72,35,25
2025-05-04,UrbanThread,1603,579,50,17,10
2025-05-04,HomeNest,1258,470,50,23,15
2025-05-04,TechEase,873,329,32,12,6
2025-05-04,WellRoot,842,385,57,30,22
2025-05-05,AuraGlow,1332,617,83,41,31
2025-05-05,UrbanThread,1607,573,34,11,7
2025-05-05,HomeNest,1135,407,36,14,9
2025-05-05,TechEase,1225,477,38,15,9
2025-05-05,WellRoot,858,358,52,25,18
2025-05-06,AuraGlow,1062,484,62,33,24
2025-05-06,UrbanThread,1674,618,45,14,7
2025-05-06,HomeNest,1157,444,52,23,15
2025-05-06,TechEase,1105,450,42,19,11
2025-05-06,WellRoot,1057,498,74,37,27
2025-05-07,AuraGlow,1290,571,70,33,23
2025-05-07,UrbanThread,1663,542,38,14,9
2025-05-07,HomeNest,1335,501,45,22,14
2025-05-07,TechEase,1113,470,54,22,12
2025-05-07,WellRoot,931,433,70,35,25
2025-05-08,AuraGlow,1328,586,79,39,26
2025-05-08,UrbanThread,1637,589,57,19,11
2025-05-08,HomeNest,1231,491,59,27,18
2025-05-08,TechEase,1114,489,53,22,14
2025-05-08,WellRoot,1199,562,78,42,30
2025-05-09,AuraGlow,1224,525,59,27,19
2025-05-09,UrbanThread,1519,501,63,25,15
2025-05-09,HomeNest,921,354,41,17,11
2025-05-09,TechEase,1037,404,43,17,9
2025-05-09,WellRoot,973,491,77,38,27
2025-05-10,AuraGlow,1133,541,80,42,30
2025-05-10,UrbanThread,1465,513,42,15,9
2025-05-10,HomeNest,1080,412,40,17,11
2025-05-10,TechEase,1159,482,43,18,10
2025-05-10,WellRoot,1075,469,64,30,22
2025-05-11,AuraGlow,1222,558,61,28,20
2025-05-11,UrbanThread,1161,390,40,14,8
2025-05-11,HomeNest,981,378,40,17,11
2025-05-11,TechEase,973,374,36,15,9
2025-05-11,WellRoot,854,441,64,31,23
2025-05-12,AuraGlow,1216,469,56,28,19
2025-05-12,UrbanThread,1366,469,35,12,7
2025-05-12,HomeNest,1114,395,37,16,10
2025-05-12,TechEase,1239,461,49,19,11
2025-05-12,WellRoot,842,362,56,29,21
2025-05-13,AuraGlow,1374,543,74,35,25
2025-05-13,UrbanThread,1663,561,55,21,12
2025-05-13,HomeNest,1111,428,49,19,12
2025-05-13,TechEase,1424,598,61,26,15
2025-05-13,WellRoot,940,442,59,28,20
2025-05-14,AuraGlow,1327,518,65,28,19
2025-05-14,UrbanThread,1721,513,38,11,7
2025-05-14,HomeNest,1026,364,40,16,10
2025-05-14,TechEase,923,365,38,16,9
2025-05-14,WellRoot,948,450,66,38,28
2025-05-15,AuraGlow,982,370,56,28,21
2025-05-15,UrbanThread,1275,420,38,12,7
2025-05-15,HomeNest,1158,444,48,21,14
2025-05-15,TechEase,1351,511,62,26,14
2025-05-15,WellRoot,1095,494,69,35,26
2025-05-16,AuraGlow,1089,458,60,28,20
2025-05-16,UrbanThread,1419,524,49,17,10
2025-05-16,HomeNest,989,346,37,16,10
2025-05-16,TechEase,1032,439,46,20,12
2025-05-16,WellRoot,873,417,61,30,22
2025-05-17,AuraGlow,991,389,53,25,17
2025-05-17,UrbanThread,1393,553,55,19,12
2025-05-17,HomeNest,931,388,44,20,13
2025-05-17,TechEase,1006,380,39,17,10
2025-05-17,WellRoot,1207,559,83,42,31
2025-05-18,AuraGlow,1367,570,71,32,23
2025-05-18,UrbanThread,1718,566,57,18,11
2025-05-18,HomeNest,1226,518,59,26,16
2025-05-18,TechEase,1359,534,62,28,16
2025-05-18,WellRoot,1043,497,71,33,24
2025-05-19,AuraGlow,1101,505,51,24,16
2025-05-19,UrbanThread,1553,552,54,19,12
2025-05-19,HomeNest,1283,495,53,23,13
2025-05-19,TechEase,1197,528,53,21,13
2025-05-19,WellRoot,1115,482,65,32,25
2025-05-20,AuraGlow,1599,686,80,40,32
2025-05-20,UrbanThread,1542,480,48,18,10
2025-05-20,HomeNest,757,293,34,14,9
2025-05-20,TechEase,1217,435,34,12,7
2025-05-20,WellRoot,894,407,59,32,24
2025-05-21,AuraGlow,1217,472,67,31,23
2025-05-21,UrbanThread,1183,388,34,12,7
2025-05-21,HomeNest,1075,386,37,17,11
2025-05-21,TechEase,1285,532,53,22,12
2025-05-21,WellRoot,904,435,59,29,21
2025-05-22,AuraGlow,1247,451,54,24,17
2025-05-22,UrbanThread,1814,578,43,15,9
2025-05-22,HomeNest,1125,442,42,18,12
2025-05-22,TechEase,1027,417,40,15,8
2025-05-22,WellRoot,835,392,58,30,22
2025-05-23,AuraGlow,1221,533,75,36,26
2025-05-23,UrbanThread,1596,525,41,15,10
2025-05-23,HomeNest,1227,489,51,21,14
2025-05-23,TechEase,1251,506,49,22,13
2025-05-23,WellRoot,865,412,61,29,22
2025-05-24,AuraGlow,1207,485,68,30,22
2025-05-24,UrbanThread,1427,461,39,13,8
2025-05-24,HomeNest,856,325,29,12,8
2025-05-24,TechEase,900,361,32,12,7
2025-05-24,WellRoot,972,456,63,34,25
2025-05-25,AuraGlow,1314,537,66,33,23
2025-05-25,UrbanThread,1528,535,49,17,11
2025-05-25,HomeNest,1038,381,40,15,9
2025-05-25,TechEase,1026,386,41,17,10
2025-05-25,WellRoot,822,399,53,29,21
2025-05-26,AuraGlow,1308,520,72,34,24
2025-05-26,UrbanThread,1240,413,39,14,8
2025-05-26,HomeNest,909,331,40,17,11
2025-05-26,TechEase,1068,458,51,20,12
2025-05-26,WellRoot,915,422,58,32,24
2025-05-27,AuraGlow,986,427,54,26,19
2025-05-27,UrbanThread,1317,445,40,14,8
2025-05-27,HomeNest,1178,433,46,21,13
2025-05-27,TechEase,1531,638,62,25,15
2025-05-27,WellRoot,958,427,53,27,19
2025-05-28,AuraGlow,1437,630,72,31,21
2025-05-28,UrbanThread,1526,495,46,16,9
2025-05-28,HomeNest,920,350,41,18,11
2025-05-28,TechEase,1136,440,35,14,8
2025-05-28,WellRoot,1006,430,64,32,24
2025-05-29,AuraGlow,1376,534,57,29,20
2025-05-29,UrbanThread,1394,503,58,22,13
2025-05-29,HomeNest,859,330,42,18,11
2025-05-29,TechEase,762,324,34,14,8
2025-05-29,WellRoot,865,407,56,29,21
2025-05-30,AuraGlow,1273,470,58,27,19
2025-05-30,UrbanThread,1549,555,56,17,10
2025-05-30,HomeNest,1063,427,42,17,11
2025-05-30,TechEase,1171,434,46,19,10
2025-05-30,WellRoot,989,457,63,29,22
2025-05-31,AuraGlow,1119,464,59,25,17
2025-05-31,UrbanThread,1656,602,47,16,10
2025-05-31,HomeNest,933,299,37,15,10
2025-05-31,TechEase,1409,548,58,24,14
2025-05-31,WellRoot,858,370,57,27,19
2025-06-01,AuraGlow,1039,426,52,23,16
2025-06-01,UrbanThread,1674,570,56,17,10
2025-06-01,HomeNest,1096,423,51,22,14
2025-06-01,TechEase,1144,438,42,17,9
2025-06-01,WellRoot,669,299,51,25,17
2025-06-02,AuraGlow,1125,458,67,33,24
2025-06-02,UrbanThread,1459,493,40,14,8
2025-06-02,HomeNest,980,374,44,18,13
2025-06-02,TechEase,1162,443,43,19,10
2025-06-02,WellRoot,1023,465,71,36,28
2025-06-03,AuraGlow,1262,541,60,29,20
2025-06-03,UrbanThread,1316,429,44,17,9
2025-06-03,HomeNest,992,395,38,15,9
2025-06-03,TechEase,1379,555,57,21,12
2025-06-03,WellRoot,813,382,51,25,18
2025-06-04,AuraGlow,1386,611,86,44,31
2025-06-04,UrbanThread,1721,556,41,15,9
2025-06-04,HomeNest,1138,433,44,17,10
2025-06-04,TechEase,1224,499,53,22,13
2025-06-04,WellRoot,617,281,42,22,16
2025-06-05,AuraGlow,1278,505,63,32,24
2025-06-05,UrbanThread,1488,494,45,15,9
2025-06-05,HomeNest,1203,474,54,26,17
2025-06-05,TechEase,1092,480,46,18,10
2025-06-05,WellRoot,1007,481,62,31,23
2025-06-06,AuraGlow,1189,444,64,31,22
2025-06-06,UrbanThread,1159,390,36,13,7
2025-06-06,HomeNest,933,373,41,18,12
2025-06-06,TechEase,1647,720,79,33,19
2025-06-06,WellRoot,753,383,57,32,24
2025-06-07,AuraGlow,880,347,47,21,14
2025-06-07,UrbanThread,1504,524,61,25,16
2025-06-07,HomeNest,1239,463,51,22,14
2025-06-07,TechEase,1093,464,46,19,11
2025-06-07,WellRoot,809,344,44,23,17
2025-06-08,AuraGlow,1053,424,50,22,16
2025-06-08,UrbanThread,1541,538,51,18,10
2025-06-08,HomeNest,1019,374,42,17,11
2025-06-08,TechEase,1258,493,47,21,12
2025-06-08,WellRoot,784,355,50,27,20
2025-06-09,AuraGlow,1221,530,73,37,25
2025-06-09,UrbanThread,1703,578,72,25,15
2025-06-09,HomeNest,1269,487,58,24,16
2025-06-09,TechEase,1070,422,41,17,10
2025-06-09,WellRoot,913,436,52,29,22
2025-06-10,AuraGlow,1462,648,82,40,29
2025-06-10,UrbanThread,1488,458,43,14,7
2025-06-10,HomeNest,1126,422,53,23,15
2025-06-10,TechEase,1155,482,41,16,9
2025-06-10,WellRoot,542,235,32,16,12
2025-06-11,AuraGlow,1422,551,56,27,20
2025-06-11,UrbanThread,1276,401,29,10,6
2025-06-11,HomeNest,1458,500,52,21,13
2025-06-11,TechEase,1317,541,49,21,12
2025-06-11,WellRoot,760,343,54,28,20
2025-06-12,AuraGlow,845,334,44,21,15
2025-06-12,UrbanThread,1571,517,49,16,8
2025-06-12,HomeNest,1185,420,53,25,16
2025-06-12,TechEase,1081,424,44,17,10
2025-06-12,WellRoot,1048,482,74,38,28
2025-06-13,AuraGlow,1163,508,65,31,22
2025-06-13,UrbanThread,1721,645,60,21,13
2025-06-13,HomeNest,1362,516,52,22,13
2025-06-13,TechEase,1116,469,39,16,8
2025-06-13,WellRoot,937,383,46,24,18
2025-06-14,AuraGlow,1076,473,62,27,20
2025-06-14,UrbanThread,1297,505,37,13,8
2025-06-14,HomeNest,805,323,37,16,11
2025-06-14,TechEase,1072,458,41,17,10
2025-06-14,WellRoot,680,329,46,20,14
2025-06-15,AuraGlow,1401,599,73,33,23
2025-06-15,UrbanThread,1413,453,42,16,10
2025-06-15,HomeNest,1293,478,46,22,14
2025-06-15,TechEase,988,359,39,15,9
2025-06-15,WellRoot,999,446,67,35,26
2025-06-16,AuraGlow,1396,568,76,36,25
2025-06-16,UrbanThread,1521,509,46,17,10
2025-06-16,HomeNest,1136,368,40,18,12
2025-06-16,TechEase,1290,481,39,14,8
2025-06-16,WellRoot,884,398,54,30,23
2025-06-17,AuraGlow,1350,578,83,40,26
2025-06-17,UrbanThread,1680,481,45,17,11
2025-06-17,HomeNest,1408,596,68,32,21
2025-06-17,TechEase,958,367,43,18,10
2025-06-17,WellRoot,825,380,49,24,17
2025-06-18,AuraGlow,1569,711,99,49,34
2025-06-18,UrbanThread,1236,423,23,7,4
2025-06-18,HomeNest,957,387,44,18,11
2025-06-18,TechEase,1357,541,63,23,13
2025-06-18,WellRoot,1056,491,59,30,22
2025-06-19,AuraGlow,1331,561,83,39,29
2025-06-19,UrbanThread,1603,574,48,18,11
2025-06-19,HomeNest,976,404,44,19,11
2025-06-19,TechEase,1179,479,46,20,11
2025-06-19,WellRoot,992,407,51,25,18
2025-06-20,AuraGlow,1418,568,65,32,23
2025-06-20,UrbanThread,1667,526,41,16,9
2025-06-20,HomeNest,1206,432,42,19,12
2025-06-20,TechEase,1405,597,61,23,13
2025-06-20,WellRoot,846,404,63,32,22
2025-06-21,AuraGlow,1512,554,70,35,25
2025-06-21,UrbanThread,1273,487,42,13,7
2025-06-21,HomeNest,819,350,42,18,10
2025-06-21,TechEase,1267,517,53,22,12
2025-06-21,WellRoot,947,424,61,31,23
2025-06-22,AuraGlow,1080,468,58,29,21
2025-06-22,UrbanThread,1391,476,41,12,7
2025-06-22,HomeNest,1209,430,52,22,14
2025-06-22,TechEase,1589,655,74,33,19
2025-06-22,WellRoot,969,452,65,33,23
2025-06-23,AuraGlow,1187,514,55,26,17
2025-06-23,UrbanThread,1563,501,65,26,16
2025-06-23,HomeNest,1044,427,46,20,12
2025-06-23,TechEase,974,380,38,14,8
2025-06-23,WellRoot,667,288,37,18,13
2025-06-24,AuraGlow,879,343,45,21,15
2025-06-24,UrbanThread,1267,459,31,11,7
2025-06-24,HomeNest,1121,480,61,26,17
2025-06-24,TechEase,1263,478,41,16,10
2025-06-24,WellRoot,1094,524,76,38,28
2025-06-25,AuraGlow,1230,546,75,35,25
2025-06-25,UrbanThread,1507,536,55,19,12
2025-06-25,HomeNest,1296,509,51,23,15
2025-06-25,TechEase,759,277,23,10,6
2025-06-25,WellRoot,1375,607,108,59,44
2025-06-26,AuraGlow,972,342,47,21,15
2025-06-26,UrbanThread,1589,524,43,14,9
2025-06-26,HomeNest,1080,390,43,20,12
2025-06-26,TechEase,1352,508,34,14,8
2025-06-26,WellRoot,1021,470,63,32,24
2025-06-27,AuraGlow,1498,570,70,33,25
2025-06-27,UrbanThread,1655,516,35,14,8
2025-06-27,HomeNest,1112,434,48,20,14
2025-06-27,TechEase,1462,563,60,24,13
2025-06-27,WellRoot,713,330,47,24,18
2025-06-28,AuraGlow,1079,443,57,27,19
2025-06-28,UrbanThread,1516,439,38,13,8
2025-06-28,HomeNest,1251,465,36,15,10
2025-06-28,TechEase,1389,557,57,22,13
2025-06-28,WellRoot,464,194,24,12,8
2025-06-29,AuraGlow,1212,455,68,33,24
2025-06-29,UrbanThread,1803,681,65,26,16
2025-06-29,HomeNest,1032,406,53,23,14
2025-06-29,TechEase,1326,581,52,20,11
2025-06-29,WellRoot,317,137,19,9,7
2025-06-30,AuraGlow,1554,683,94,46,34
2025-06-30,UrbanThread,1399,443,30,11,7
2025-06-30,HomeNest,774,316,33,15,9
2025-06-30,TechEase,994,378,34,16,9
2025-06-30,WellRoot,804,360,52,26,19
2025-07-01,AuraGlow,992,388,59,28,19
2025-07-01,UrbanThread,1873,693,55,17,10
2025-07-01,HomeNest,750,301,33,14,8
2025-07-01,TechEase,1124,454,48,21,12
2025-07-01,WellRoot,681,359,55,27,19
2025-07-02,AuraGlow,1089,443,64,29,20
2025-07-02,UrbanThread,1245,397,37,12,7
2025-07-02,HomeNest,1010,416,37,18,12
2025-07-02,TechEase,1347,552,69,26,16
2025-07-02,WellRoot,581,271,37,20,15
2025-07-03,AuraGlow,1090,439,62,29,21
2025-07-03,UrbanThread,1697,523,43,13,8
2025-07-03,HomeNest,899,356,35,14,9
2025-07-03,TechEase,994,411,43,17,10
2025-07-03,WellRoot,869,378,55,27,20
2025-07-04,AuraGlow,1194,472,55,24,16
2025-07-04,UrbanThread,1409,492,36,13,8
2025-07-04,HomeNest,636,251,28,13,8
2025-07-04,TechEase,1015,383,34,13,7
2025-07-04,WellRoot,826,372,46,24,17
2025-07-05,AuraGlow,1369,575,63,29,20
2025-07-05,UrbanThread,1447,446,41,17,10
2025-07-05,HomeNest,855,304,38,17,10
2025-07-05,TechEase,1203,437,43,17,10
2025-07-05,WellRoot,784,313,35,18,13
2025-07-06,AuraGlow,1149,582,77,38,26
2025-07-06,UrbanThread,1473,479,54,19,10
2025-07-06,HomeNest,1243,510,62,27,17
2025-07-06,TechEase,1330,544,61,23,13
2025-07-06,WellRoot,1180,576,73,35,25
2025-07-07,AuraGlow,1003,448,61,27,19
2025-07-07,UrbanThread,1933,633,62,20,11
2025-07-07,HomeNest,848,302,30,12,8
2025-07-07,TechEase,1093,422,43,17,9
2025-07-07,WellRoot,1004,490,65,32,24
2025-07-08,AuraGlow,1301,571,71,31,21
2025-07-08,UrbanThread,1509,545,53,17,11
2025-07-08,HomeNest,899,357,37,15,10
2025-07-08,TechEase,1040,432,38,14,9
2025-07-08,WellRoot,965,417,57,29,21
2025-07-09,AuraGlow,1205,485,59,28,21
2025-07-09,UrbanThread,1688,582,58,22,13
2025-07-09,HomeNest,987,373,44,18,11
2025-07-09,TechEase,955,419,44,19,10
2025-07-09,WellRoot,636,308,44,22,16
2025-07-10,AuraGlow,1191,502,65,29,21
2025-07-10,UrbanThread,1498,547,56,21,12
2025-07-10,HomeNest,794,300,31,15,10
2025-07-10,TechEase,1281,548,56,23,13
2025-07-10,WellRoot,1123,522,64,33,24
2025-07-11,AuraGlow,1144,484,55,28,20
2025-07-11,UrbanThread,1064,331,23,8,4
2025-07-11,HomeNest,1093,377,44,20,13
2025-07-11,TechEase,1114,460,48,20,12
2025-07-11,WellRoot,683,310,46,24,18
2025-07-12,AuraGlow,1518,698,88,45,32
2025-07-12,UrbanThread,1683,618,64,24,14
2025-07-12,HomeNest,1060,415,46,21,13
2025-07-12,TechEase,1181,514,54,22,13
2025-07-12,WellRoot,882,397,48,25,18
2025-07-13,AuraGlow,1624,785,101,45,35
2025-07-13,UrbanThread,1661,536,33,12,7
2025-07-13,HomeNest,837,289,31,12,7
2025-07-13,TechEase,1110,493,51,19,10
2025-07-13,WellRoot,986,422,46,25,19
2025-07-14,AuraGlow,1386,593,71,32,22
2025-07-14,UrbanThread,1695,493,41,14,8
2025-07-14,HomeNest,1143,428,48,22,13
2025-07-14,TechEase,1299,482,58,23,13
2025-07-14,WellRoot,772,332,42,21,15
2025-07-15,AuraGlow,1355,569,76,40,29
2025-07-15,UrbanThread,1442,477,52,17,10
2025-07-15,HomeNest,924,388,43,18,12
2025-07-15,TechEase,998,385,41,18,10
2025-07-15,WellRoot,841,424,57,29,21
2025-07-16,AuraGlow,1125,475,61,29,22
2025-07-16,UrbanThread,1597,549,52,16,9
2025-07-16,HomeNest,1036,424,40,16,10
2025-07-16,TechEase,998,400,38,16,9
2025-07-16,WellRoot,757,362,46,23,16
2025-07-17,AuraGlow,1183,503,69,33,22
2025-07-17,UrbanThread,1681,530,40,14,8
2025-07-17,HomeNest,1151,435,52,20,12
2025-07-17,TechEase,1111,487,48,22,14
2025-07-17,WellRoot,1280,572,92,49,37
2025-07-18,AuraGlow,1307,558,67,29,20
2025-07-18,UrbanThread,1348,414,35,12,7
2025-07-18,HomeNest,1306,502,46,18,12
2025-07-18,TechEase,1156,520,48,18,11
2025-07-18,WellRoot,1070,492,70,35,26
2025-07-19,AuraGlow,1239,516,53,23,17
2025-07-19,UrbanThread,1526,518,51,20,11
2025-07-19,HomeNest,1096,381,38,17,10
2025-07-19,TechEase,1146,524,54,25,15
2025-07-19,WellRoot,839,405,53,29,21
2025-07-20,AuraGlow,1254,529,59,26,17
2025-07-20,UrbanThread,1338,466,55,19,12
2025-07-20,HomeNest,922,361,43,19,12
2025-07-20,TechEase,1289,517,57,23,14
2025-07-20,WellRoot,917,376,46,23,17
2025-07-21,AuraGlow,1139,461,69,36,24
2025-07-21,UrbanThread,1382,467,40,14,8
2025-07-21,HomeNest,1019,429,44,19,12
2025-07-21,TechEase,1301,498,46,19,12
2025-07-21,WellRoot,1093,475,69,33,26
2025-07-22,AuraGlow,1475,633,74,35,25
2025-07-22,UrbanThread,1650,615,57,19,11
2025-07-22,HomeNest,1165,473,58,25,16
2025-07-22,TechEase,1013,418,40,15,9
2025-07-22,WellRoot,699,297,40,19,13
2025-07-23,AuraGlow,1372,571,78,40,29
2025-07-23,UrbanThread,1651,611,49,19,12
2025-07-23,HomeNest,1094,428,37,16,10
2025-07-23,TechEase,1345,539,51,19,12
2025-07-23,WellRoot,829,408,54,31,24
2025-07-24,AuraGlow,1476,586,81,33,24
2025-07-24,UrbanThread,1499,490,44,15,9
2025-07-24,HomeNest,1071,407,36,16,10
2025-07-24,TechEase,1248,456,42,17,10
2025-07-24,WellRoot,831,394,57,30,22
2025-07-25,AuraGlow,1325,607,86,42,30
2025-07-25,UrbanThread,1568,502,34,12,7
2025-07-25,HomeNest,811,316,35,16,10
2025-07-25,TechEase,1187,454,50,20,12
2025-07-25,WellRoot,809,407,58,32,20
2025-07-26,AuraGlow,1384,516,64,32,22
2025-07-26,UrbanThread,2015,715,62,20,12
2025-07-26,HomeNest,903,360,32,14,8
2025-07-26,TechEase,907,354,39,18,10
2025-07-26,WellRoot,737,338,49,27,20
2025-07-27,AuraGlow,1122,472,71,36,26
2025-07-27,UrbanThread,1890,579,51,16,10
2025-07-27,HomeNest,889,347,38,16,10
2025-07-27,TechEase,1307,494,41,19,11
2025-07-27,WellRoot,871,430,62,33,25
2025-07-28,AuraGlow,1276,535,69,34,24
2025-07-28,UrbanThread,1585,557,47,16,9
2025-07-28,HomeNest,1080,432,45,19,13
2025-07-28,TechEase,1130,459,45,21,12
2025-07-28,WellRoot,765,352,49,24,18
2025-07-29,AuraGlow,1326,563,76,35,25
2025-07-29,UrbanThread,1398,520,43,14,8
2025-07-29,HomeNest,1118,451,54,21,14
2025-07-29,TechEase,1132,429,33,14,8
2025-07-29,WellRoot,803,406,52,26,19
2025-07-30,AuraGlow,1450,644,80,35,25
2025-07-30,UrbanThread,1551,518,38,13,8
2025-07-30,HomeNest,1034,343,40,18,11
2025-07-30,TechEase,959,393,35,14,8
2025-07-30,WellRoot,1327,618,84,42,31
2025-07-31,AuraGlow,1462,579,70,34,23
2025-07-31,UrbanThread,1525,521,48,16,9
2025-07-31,HomeNest,831,333,29,13,8
2025-07-31,TechEase,1425,597,64,27,16
2025-07-31,WellRoot,1053,470,63,33,24
2025-08-01,AuraGlow,1373,543,59,25,18
2025-08-01,UrbanThread,1878,643,52,20,12
2025-08-01,HomeNest,873,344,45,19,12
2025-08-01,TechEase,1082,437,31,14,7
2025-08-01,WellRoot,1016,443,65,32,24
2025-08-02,AuraGlow,1328,521,70,34,24
2025-08-02,UrbanThread,1558,548,42,18,11
2025-08-02,HomeNest,882,326,35,15,9
2025-08-02,TechEase,1330,554,59,25,15
2025-08-02,WellRoot,986,480,75,39,29
2025-08-03,AuraGlow,1023,383,41,19,14
2025-08-03,UrbanThread,1557,528,29,11,6
2025-08-03,HomeNest,1138,417,48,19,12
2025-08-03,TechEase,977,410,38,13,7
2025-08-03,WellRoot,715,308,48,25,19
2025-08-04,AuraGlow,1297,559,73,36,25
2025-08-04,UrbanThread,1939,713,59,20,13
2025-08-04,HomeNest,963,308,35,15,9
2025-08-04,TechEase,1378,592,56,23,13
2025-08-04,WellRoot,1037,506,72,37,26
2025-08-05,AuraGlow,1597,694,90,44,31
2025-08-05,UrbanThread,1694,574,65,23,13
2025-08-05,HomeNest,846,323,34,14,9
2025-08-05,TechEase,1121,515,55,21,11
2025-08-05,WellRoot,862,389,54,26,20
2025-08-06,AuraGlow,1595,654,62,29,21
2025-08-06,UrbanThread,1469,463,52,18,11
2025-08-06,HomeNest,982,358,39,16,10
2025-08-06,TechEase,913,360,35,14,7
2025-08-06,WellRoot,948,414,64,33,25
2025-08-07,AuraGlow,1200,457,63,30,22
2025-08-07,UrbanThread,1662,659,49,19,12
2025-08-07,HomeNest,1101,432,45,19,12
2025-08-07,TechEase,1042,373,37,16,10
2025-08-07,WellRoot,1199,579,86,44,32
2025-08-08,AuraGlow,1396,568,74,36,26
2025-08-08,UrbanThread,1545,474,34,10,6
2025-08-08,HomeNest,955,337,30,12,7
2025-08-08,TechEase,1114,407,40,18,11
2025-08-08,WellRoot,774,335,46,24,17
2025-08-09,AuraGlow,1331,589,73,35,25
2025-08-09,UrbanThread,1796,613,61,23,14
2025-08-09,HomeNest,809,324,35,15,10
2025-08-09,TechEase,1177,514,55,24,14
2025-08-09,WellRoot,965,422,53,27,20
2025-08-10,AuraGlow,1183,454,61,28,20
2025-08-10,UrbanThread,1514,557,41,14,8
2025-08-10,HomeNest,939,338,38,18,12
2025-08-10,TechEase,1202,474,44,19,11
2025-08-10,WellRoot,889,401,51,24,18
2025-08-11,AuraGlow,1119,474,65,30,22
2025-08-11,UrbanThread,1498,516,47,17,10
2025-08-11,HomeNest,1257,476,55,21,13
2025-08-11,TechEase,966,394,39,16,10
2025-08-11,WellRoot,806,336,45,22,16
2025-08-12,AuraGlow,1114,471,65,29,21
2025-08-12,UrbanThread,1325,547,56,19,12
2025-08-12,HomeNest,993,364,36,16,9
2025-08-12,TechEase,1205,463,46,20,13
2025-08-12,WellRoot,872,372,42,21,15
2025-08-13,AuraGlow,1663,695,93,43,31
2025-08-13,UrbanThread,1398,489,44,15,9
2025-08-13,HomeNest,814,348,35,16,10
2025-08-13,TechEase,941,378,36,16,9
2025-08-13,WellRoot,1102,524,70,35,26
2025-08-14,AuraGlow,1354,623,71,37,24
2025-08-14,UrbanThread,1548,526,42,15,8
2025-08-14,HomeNest,1121,464,54,23,16
2025-08-14,TechEase,996,382,30,12,7
2025-08-14,WellRoot,1096,525,70,34,25
2025-08-15,AuraGlow,1430,620,82,38,27
2025-08-15,UrbanThread,1487,549,52,19,11
2025-08-15,HomeNest,954,385,46,19,12
2025-08-15,TechEase,1166,473,36,14,8
2025-08-15,WellRoot,696,327,47,25,18
2025-08-16,AuraGlow,962,422,44,22,15
2025-08-16,UrbanThread,1404,494,39,13,8
2025-08-16,HomeNest,957,342,44,20,12
2025-08-16,TechEase,1049,433,41,17,10
2025-08-16,WellRoot,1176,537,74,40,29
2025-08-17,AuraGlow,1217,544,71,33,23
2025-08-17,UrbanThread,1573,536,50,18,10
2025-08-17,HomeNest,1009,404,40,17,10
2025-08-17,TechEase,1310,503,51,23,13
2025-08-17,WellRoot,966,423,62,32,24
2025-08-18,AuraGlow,819,333,40,19,14
2025-08-18,UrbanThread,1441,482,41,14,8
2025-08-18,HomeNest,879,325,33,15,9
2025-08-18,TechEase,1297,484,51,22,13
2025-08-18,WellRoot,829,392,66,37,28
2025-08-19,AuraGlow,1213,477,56,28,20
2025-08-19,UrbanThread,2184,744,63,23,14
2025-08-19,HomeNest,1053,383,46,18,11
2025-08-19,TechEase,1193,507,46,19,11
2025-08-19,WellRoot,760,365,54,28,22
2025-08-20,AuraGlow,1386,579,75,33,23
2025-08-20,UrbanThread,1589,553,57,19,11
2025-08-20,HomeNest,1415,526,58,24,15
2025-08-20,TechEase,1154,482,54,25,13
2025-08-20,WellRoot,559,257,32,15,11
2025-08-21,AuraGlow,1068,478,65,30,21
2025-08-21,UrbanThread,1788,635,58,20,12
2025-08-21,HomeNest,1025,351,50,21,14
2025-08-21,TechEase,1111,442,38,15,8
2025-08-21,WellRoot,848,403,59,32,24
2025-08-22,AuraGlow,732,288,36,18,12
2025-08-22,UrbanThread,1785,667,60,19,11
2025-08-22,HomeNest,1067,404,46,21,13
2025-08-22,TechEase,1358,537,61,24,14
2025-08-22,WellRoot,1036,501,58,31,23
2025-08-23,AuraGlow,1254,510,69,35,24
2025-08-23,UrbanThread,1393,527,52,18,11
2025-08-23,HomeNest,1029,396,44,18,11
2025-08-23,TechEase,1058,458,37,16,9
2025-08-23,WellRoot,771,350,52,27,18
2025-08-24,AuraGlow,1399,574,72,35,25
2025-08-24,UrbanThread,1507,481,32,11,6
2025-08-24,HomeNest,1316,534,66,32,21
2025-08-24,TechEase,1015,423,41,18,10
2025-08-24,WellRoot,1091,481,76,39,29
2025-08-25,AuraGlow,1386,590,68,31,21
2025-08-25,UrbanThread,1326,457,43,14,8
2025-08-25,HomeNest,1101,420,47,22,14
2025-08-25,TechEase,955,411,38,17,10
2025-08-25,WellRoot,1139,543,69,31,23
2025-08-26,AuraGlow,1323,570,67,29,20
2025-08-26,UrbanThread,1483,512,46,17,10
2025-08-26,HomeNest,1103,440,47,21,15
2025-08-26,TechEase,1406,571,44,18,9
2025-08-26,WellRoot,764,342,48,25,18
2025-08-27,AuraGlow,1131,477,61,30,20
2025-08-27,UrbanThread,1707,547,48,18,10
2025-08-27,HomeNest,1300,507,51,21,13
2025-08-27,TechEase,1260,541,55,22,13
2025-08-27,WellRoot,784,347,47,24,18
2025-08-28,AuraGlow,1125,479,65,32,22
2025-08-28,UrbanThread,1530,554,51,17,10
2025-08-28,HomeNest,991,402,52,22,14
2025-08-28,TechEase,1152,413,39,16,9
2025-08-28,WellRoot,764,317,45,21,15
2025-08-29,AuraGlow,1252,558,89,42,29
2025-08-29,UrbanThread,1258,408,33,11,6
2025-08-29,HomeNest,880,315,27,12,7
2025-08-29,TechEase,1266,526,54,22,12
2025-08-29,WellRoot,721,331,45,24,18
2025-08-30,AuraGlow,951,380,51,25,17
2025-08-30,UrbanThread,1577,527,45,16,9
2025-08-30,HomeNest,633,240,23,10,6
2025-08-30,TechEase,1346,601,64,28,18
2025-08-30,WellRoot,977,424,63,32,23
2025-08-31,AuraGlow,1476,668,78,36,25
2025-08-31,UrbanThread,1532,516,47,14,8
2025-08-31,HomeNest,979,364,39,16,10
2025-08-31,TechEase,1214,490,51,21,12
2025-08-31,WellRoot,385,194,30,15,11
2025-09-01,AuraGlow,1329,537,67,32,24
2025-09-01,UrbanThread,1811,592,58,19,11
2025-09-01,HomeNest,598,229,30,12,8
2025-09-01,TechEase,1356,584,64,25,14
2025-09-01,WellRoot,782,340,48,25,18
2025-09-02,AuraGlow,1384,580,72,32,23
2025-09-02,UrbanThread,1425,463,34,12,7
2025-09-02,HomeNest,1004,366,37,15,9
2025-09-02,TechEase,1009,430,40,17,9
2025-09-02,WellRoot,868,377,53,27,20
2025-09-03,AuraGlow,1246,481,54,24,16
2025-09-03,UrbanThread,1528,492,41,16,9
2025-09-03,HomeNest,1198,491,63,23,15
2025-09-03,TechEase,861,375,40,16,10
2025-09-03,WellRoot,974,467,66,33,24
2025-09-04,AuraGlow,1111,464,55,24,16
2025-09-04,UrbanThread,1735,596,53,18,11
2025-09-04,HomeNest,823,337,36,15,9
2025-09-04,TechEase,1274,514,44,18,11
2025-09-04,WellRoot,859,395,55,29,20
2025-09-05,AuraGlow,851,343,42,21,14
2025-09-05,UrbanThread,1313,467,37,12,7
2025-09-05,HomeNest,1002,374,44,18,11
2025-09-05,TechEase,1331,576,44,18,11
2025-09-05,WellRoot,1037,464,64,31,22
2025-09-06,AuraGlow,1510,617,82,42,31
2025-09-06,UrbanThread,1579,517,41,14,8
2025-09-06,HomeNest,777,290,33,13,8
2025-09-06,TechEase,1216,456,39,13,7
2025-09-06,WellRoot,468,205,30,15,10
2025-09-07,AuraGlow,1335,591,80,38,28
2025-09-07,UrbanThread,1660,548,60,21,12
2025-09-07,HomeNest,982,394,38,18,11
2025-09-07,TechEase,1153,495,35,16,9
2025-09-07,WellRoot,1264,600,81,44,35
2025-09-08,AuraGlow,1200,454,57,30,21
2025-09-08,UrbanThread,1808,493,51,18,10
2025-09-08,HomeNest,825,307,32,14,8
2025-09-08,TechEase,1174,443,36,14,7
2025-09-08,WellRoot,918,435,70,40,28
2025-09-09,AuraGlow,1016,416,56,26,19
2025-09-09,UrbanThread,1532,508,45,17,10
2025-09-09,HomeNest,1338,478,52,22,14
2025-09-09,TechEase,1072,396,38,16,9
2025-09-09,WellRoot,584,293,40,21,15
2025-09-10,AuraGlow,1251,499,59,27,18
2025-09-10,UrbanThread,1228,413,40,15,9
2025-09-10,HomeNest,776,289,28,13,8
2025-09-10,TechEase,1147,447,38,14,8
2025-09-10,WellRoot,1243,579,82,43,31
2025-09-11,AuraGlow,1385,589,66,32,22
2025-09-11,UrbanThread,1251,446,40,16,10
2025-09-11,HomeNest,869,349,39,17,11
2025-09-11,TechEase,1132,414,36,16,9
2025-09-11,WellRoot,802,380,59,30,22
2025-09-12,AuraGlow,1292,532,69,31,21
2025-09-12,UrbanThread,1332,443,46,17,10
2025-09-12,HomeNest,882,367,38,15,9
2025-09-12,TechEase,1224,503,53,23,13
2025-09-12,WellRoot,1139,562,80,43,33
2025-09-13,AuraGlow,1432,651,89,43,28
2025-09-13,UrbanThread,1510,528,51,19,11
2025-09-13,HomeNest,874,339,39,17,11
2025-09-13,TechEase,1293,501,42,20,11
2025-09-13,WellRoot,1175,565,82,40,29
2025-09-14,AuraGlow,1426,547,66,31,22
2025-09-14,UrbanThread,1206,427,47,19,12
2025-09-14,HomeNest,1333,479,54,23,15
2025-09-14,TechEase,973,390,33,13,7
2025-09-14,WellRoot,802,349,49,26,18
2025-09-15,AuraGlow,998,433,61,32,22
2025-09-15,UrbanThread,1765,591,64,23,14
2025-09-15,HomeNest,967,357,49,21,14
2025-09-15,TechEase,1332,520,49,20,12
2025-09-15,WellRoot,859,386,56,29,22
2025-09-16,AuraGlow,1262,560,67,33,24
2025-09-16,UrbanThread,1732,531,38,15,9
2025-09-16,HomeNest,1397,534,65,27,18
2025-09-16,TechEase,1150,478,48,21,12
2025-09-16,WellRoot,629,305,37,20,15
2025-09-17,AuraGlow,1278,529,66,29,22
2025-09-17,UrbanThread,1577,569,41,14,8
2025-09-17,HomeNest,1161,471,52,21,14
2025-09-17,TechEase,1020,395,34,13,7
2025-09-17,WellRoot,961,442,54,29,21
2025-09-18,AuraGlow,1336,550,79,37,28
2025-09-18,UrbanThread,1460,505,41,15,9
2025-09-18,HomeNest,969,357,39,16,10
2025-09-18,TechEase,940,370,33,13,8
2025-09-18,WellRoot,1167,568,85,44,33
2025-09-19,AuraGlow,1309,577,83,38,25
2025-09-19,UrbanThread,1398,488,45,16,9
2025-09-19,HomeNest,1019,395,46,21,13
2025-09-19,TechEase,1346,562,52,24,14
2025-09-19,WellRoot,863,389,67,32,23
2025-09-20,AuraGlow,850,346,47,22,15
2025-09-20,UrbanThread,1998,714,64,23,13
2025-09-20,HomeNest,940,349,34,15,9
2025-09-20,TechEase,1211,456,48,20,12
2025-09-20,WellRoot,953,466,63,31,23
2025-09-21,AuraGlow,1409,575,73,35,24
2025-09-21,UrbanThread,1423,457,45,15,8
2025-09-21,HomeNest,1120,431,46,18,12
2025-09-21,TechEase,909,315,28,12,6
2025-09-21,WellRoot,540,238,33,18,13
2025-09-22,AuraGlow,1036,457,55,27,20
2025-09-22,UrbanThread,1761,647,69,27,16
2025-09-22,HomeNest,1067,419,43,18,12
2025-09-22,TechEase,756,315,28,11,6
2025-09-22,WellRoot,828,395,51,27,19
2025-09-23,AuraGlow,1207,522,75,31,22
2025-09-23,UrbanThread,1576,435,40,13,7
2025-09-23,HomeNest,1084,362,40,17,11
2025-09-23,TechEase,1167,450,45,17,10
2025-09-23,WellRoot,865,377,55,30,21
2025-09-24,AuraGlow,1383,641,87,39,26
2025-09-24,UrbanThread,1367,429,37,13,7
2025-09-24,HomeNest,859,308,32,14,9
2025-09-24,TechEase,1079,407,40,18,10
2025-09-24,WellRoot,1016,481,77,39,30
2025-09-25,AuraGlow,1461,602,66,33,24
2025-09-25,UrbanThread,1581,559,45,17,10
2025-09-25,HomeNest,980,383,42,15,10
2025-09-25,TechEase,1148,455,49,22,13
2025-09-25,WellRoot,542,244,32,15,11
2025-09-26,AuraGlow,1394,592,79,39,26
2025-09-26,UrbanThread,1465,464,46,16,10
2025-09-26,HomeNest,682,257,28,13,7
2025-09-26,TechEase,1023,445,39,15,9
2025-09-26,WellRoot,808,369,51,26,19
2025-09-27,AuraGlow,1079,466,67,33,23
2025-09-27,UrbanThread,1786,653,63,23,14
2025-09-27,HomeNest,1486,581,53,24,15
2025-09-27,TechEase,1164,480,45,18,11
2025-09-27,WellRoot,1013,454,61,29,22
2025-09-28,AuraGlow,1253,561,70,31,20
2025-09-28,UrbanThread,1259,445,40,13,7
2025-09-28,HomeNest,961,411,49,20,13
2025-09-28,TechEase,1274,507,53,23,13
2025-09-28,WellRoot,858,398,51,25,18
2025-09-29,AuraGlow,895,361,44,19,14
2025-09-29,UrbanThread,1570,542,44,15,9
2025-09-29,HomeNest,998,338,35,14,9
2025-09-29,TechEase,908,356,31,12,7
2025-09-29,WellRoot,824,398,51,25,18
2025-09-30,AuraGlow,1672,710,83,41,29
2025-09-30,UrbanThread,1512,556,49,19,11
2025-09-30,HomeNest,1027,409,40,17,11
2025-09-30,TechEase,1185,419,48,19,11
2025-09-30,WellRoot,889,405,47,26,19
2025-10-01,AuraGlow,958,398,45,22,15
2025-10-01,UrbanThread,1483,552,50,16,9
2025-10-01,HomeNest,909,428,46,20,12
2025-10-01,TechEase,1041,457,42,18,10
2025-10-01,WellRoot,907,398,59,31,23
2025-10-02,AuraGlow,1167,488,59,30,22
2025-10-02,UrbanThread,1414,476,41,15,9
2025-10-02,HomeNest,938,352,50,23,15
2025-10-02,TechEase,1064,398,45,17,10
2025-10-02,WellRoot,397,182,23,12,8
2025-10-03,AuraGlow,1434,640,90,43,30
2025-10-03,UrbanThread,1429,459,49,17,10
2025-10-03,HomeNest,1059,424,50,24,16
2025-10-03,TechEase,976,394,38,15,8
2025-10-03,WellRoot,940,470,74,39,27
2025-10-04,AuraGlow,1175,494,68,30,20
2025-10-04,UrbanThread,1382,513,48,15,8
2025-10-04,HomeNest,987,414,47,19,13
2025-10-04,TechEase,1185,457,44,17,9
2025-10-04,WellRoot,979,472,54,28,22
2025-10-05,AuraGlow,930,347,47,20,14
2025-10-05,UrbanThread,1516,526,45,15,9
2025-10-05,HomeNest,1044,429,52,23,15
2025-10-05,TechEase,1125,450,41,16,9
2025-10-05,WellRoot,463,209,31,16,12
2025-10-06,AuraGlow,1273,482,63,28,20
2025-10-06,UrbanThread,1810,687,56,18,11
2025-10-06,HomeNest,1209,466,46,21,13
2025-10-06,TechEase,1138,519,54,22,12
2025-10-06,WellRoot,1355,671,94,48,34
2025-10-07,AuraGlow,1006,407,53,21,14
2025-10-07,UrbanThread,1700,527,40,13,8
2025-10-07,HomeNest,1019,413,45,20,12
2025-10-07,TechEase,635,254,27,11,6
2025-10-07,WellRoot,1410,603,89,44,32
2025-10-08,AuraGlow,1316,550,69,31,22
2025-10-08,UrbanThread,1587,497,39,13,7
2025-10-08,HomeNest,880,328,34,12,7
2025-10-08,TechEase,1260,522,49,19,10
2025-10-08,WellRoot,751,340,47,23,16
2025-10-09,AuraGlow,1385,626,74,33,25
2025-10-09,UrbanThread,1521,545,53,19,12
2025-10-09,HomeNest,809,373,41,20,13
2025-10-09,TechEase,1106,486,48,19,11
2025-10-09,WellRoot,1121,490,73,36,27
2025-10-10,AuraGlow,1563,613,79,39,26
2025-10-10,UrbanThread,1499,499,48,16,10
2025-10-10,HomeNest,1110,425,48,19,12
2025-10-10,TechEase,1596,682,61,25,14
2025-10-10,WellRoot,964,458,62,30,22
2025-10-11,AuraGlow,1443,648,94,43,29
2025-10-11,UrbanThread,1566,507,40,15,9
2025-10-11,HomeNest,929,311,30,13,8
2025-10-11,TechEase,1156,435,42,17,10
2025-10-11,WellRoot,962,440,68,35,28
2025-10-12,AuraGlow,1552,615,78,40,29
2025-10-12,UrbanThread,1716,630,52,17,10
2025-10-12,HomeNest,926,396,40,17,10
2025-10-12,TechEase,1068,389,45,20,11
2025-10-12,WellRoot,1096,505,58,33,24
2025-10-13,AuraGlow,1062,432,61,28,20
2025-10-13,UrbanThread,1683,510,54,20,13
2025-10-13,HomeNest,1055,393,33,14,9
2025-10-13,TechEase,1311,596,62,24,14
2025-10-13,WellRoot,630,302,51,25,18
2025-10-14,AuraGlow,1314,563,69,36,25
2025-10-14,UrbanThread,1634,532,49,16,10
2025-10-14,HomeNest,576,218,18,7,4
2025-10-14,TechEase,999,386,38,15,9
2025-10-14,WellRoot,971,456,56,27,20
2025-10-15,AuraGlow,1427,633,94,43,31
2025-10-15,UrbanThread,1389,416,47,17,10
2025-10-15,HomeNest,1048,401,47,21,13
2025-10-15,TechEase,1002,429,33,14,8
2025-10-15,WellRoot,644,274,40,20,15
2025-10-16,AuraGlow,1444,631,76,35,24
2025-10-16,UrbanThread,1654,529,63,21,13
2025-10-16,HomeNest,921,321,32,14,9
2025-10-16,TechEase,1036,388,41,15,9
2025-10-16,WellRoot,865,407,55,26,19
2025-10-17,AuraGlow,1051,463,57,25,18
2025-10-17,UrbanThread,1520,564,56,20,12
2025-10-17,HomeNest,1034,435,50,23,15
2025-10-17,TechEase,1358,580,69,25,14
2025-10-17,WellRoot,716,298,39,19,14
2025-10-18,AuraGlow,1177,484,58,26,18
2025-10-18,UrbanThread,1504,528,41,13,8
2025-10-18,HomeNest,860,310,32,15,10
2025-10-18,TechEase,1315,559,33,13,7
2025-10-18,WellRoot,1114,533,65,33,24
2025-10-19,AuraGlow,1397,582,71,34,24
2025-10-19,UrbanThread,1781,596,48,18,11
2025-10-19,HomeNest,892,314,33,14,9
2025-10-19,TechEase,970,394,44,18,10
2025-10-19,WellRoot,704,324,40,21,15
2025-10-20,AuraGlow,1258,565,79,37,26
2025-10-20,UrbanThread,1677,533,50,20,12
2025-10-20,HomeNest,883,328,40,17,10
2025-10-20,TechEase,1180,453,45,18,10
2025-10-20,WellRoot,756,351,49,24,17
2025-10-21,AuraGlow,1407,646,95,48,33
2025-10-21,UrbanThread,1431,468,41,14,8
2025-10-21,HomeNest,1024,384,38,16,10
2025-10-21,TechEase,1181,485,42,18,11
2025-10-21,WellRoot,1095,545,91,49,34
2025-10-22,AuraGlow,1327,523,69,33,25
2025-10-22,UrbanThread,1660,561,53,21,13
2025-10-22,HomeNest,1144,426,52,21,14
2025-10-22,TechEase,1254,488,43,18,11
2025-10-22,WellRoot,755,344,47,24,18
2025-10-23,AuraGlow,1035,460,64,32,22
2025-10-23,UrbanThread,1529,490,41,15,8
2025-10-23,HomeNest,1048,419,46,20,12
2025-10-23,TechEase,919,400,38,14,8
2025-10-23,WellRoot,804,389,49,25,19
2025-10-24,AuraGlow,1421,562,69,32,23
2025-10-24,UrbanThread,1175,365,27,9,5
2025-10-24,HomeNest,889,305,29,12,7
2025-10-24,TechEase,1059,456,43,16,9
2025-10-24,WellRoot,821,394,54,28,19
2025-10-25,AuraGlow,1512,607,71,38,26
2025-10-25,UrbanThread,1278,457,33,10,6
2025-10-25,HomeNest,920,375,43,18,11
2025-10-25,TechEase,1208,484,43,17,10
2025-10-25,WellRoot,1122,554,67,35,26
2025-10-26,AuraGlow,1384,564,75,37,26
2025-10-26,UrbanThread,1359,493,54,17,10
2025-10-26,HomeNest,922,350,46,21,13
2025-10-26,TechEase,1109,435,44,18,10
2025-10-26,WellRoot,910,434,63,30,21
2025-10-27,AuraGlow,1003,418,61,26,18
2025-10-27,UrbanThread,1364,461,34,10,6
2025-10-27,HomeNest,598,235,23,10,6
2025-10-27,TechEase,1396,583,51,21,12
2025-10-27,WellRoot,912,483,70,35,27
2025-10-28,AuraGlow,1223,525,62,28,20
2025-10-28,UrbanThread,1548,494,52,18,11
2025-10-28,HomeNest,1088,393,35,14,9
2025-10-28,TechEase,1217,518,50,22,14
2025-10-28,WellRoot,677,287,37,18,13
2025-10-29,AuraGlow,1496,625,77,37,25
2025-10-29,UrbanThread,1747,633,62,22,13
2025-10-29,HomeNest,995,408,46,19,12
2025-10-29,TechEase,1178,510,47,18,10
2025-10-29,WellRoot,1271,502,71,37,27
2025-10-30,AuraGlow,1342,577,71,35,24
2025-10-30,UrbanThread,1345,479,36,12,6
2025-10-30,HomeNest,1164,428,52,23,14
2025-10-30,TechEase,1299,484,38,16,9
2025-10-30,WellRoot,795,349,45,23,16
2025-10-31,AuraGlow,1242,497,61,29,20
2025-10-31,UrbanThread,1247,422,37,12,7
2025-10-31,HomeNest,954,377,37,13,8
2025-10-31,TechEase,1211,521,43,17,9
2025-10-31,WellRoot,938,413,54,29,22
2025-11-01,AuraGlow,1394,630,69,32,22
2025-11-01,UrbanThread,1434,486,34,11,6
2025-11-01,HomeNest,745,280,26,11,7
2025-11-01,TechEase,1050,433,38,18,10
2025-11-01,WellRoot,1062,503,65,35,26
2025-11-02,AuraGlow,880,393,47,23,17
2025-11-02,UrbanThread,1114,420,36,12,8
2025-11-02,HomeNest,1089,415,49,22,15
2025-11-02,TechEase,1113,440,42,19,11
2025-11-02,WellRoot,1056,466,61,29,21
2025-11-03,AuraGlow,1049,383,53,25,18
2025-11-03,UrbanThread,1292,420,37,14,8
2025-11-03,HomeNest,761,296,35,14,9
2025-11-03,TechEase,1163,426,38,17,9
2025-11-03,WellRoot,1038,465,67,34,25
2025-11-04,AuraGlow,1172,520,59,29,21
2025-11-04,UrbanThread,1500,548,56,20,11
2025-11-04,HomeNest,1014,362,41,18,11
2025-11-04,TechEase,1176,459,37,15,9
2025-11-04,WellRoot,963,450,72,36,26
2025-11-05,AuraGlow,999,438,63,29,20
2025-11-05,UrbanThread,1359,460,38,12,7
2025-11-05,HomeNest,1304,436,49,22,14
2025-11-05,TechEase,1287,492,45,19,11
2025-11-05,WellRoot,774,328,50,25,18
2025-11-06,AuraGlow,1316,534,70,32,24
2025-11-06,UrbanThread,1962,687,71,26,17
2025-11-06,HomeNest,1297,474,59,28,19
2025-11-06,TechEase,1299,560,59,23,13
2025-11-06,WellRoot,1010,438,66,33,25
2025-11-07,AuraGlow,947,381,42,20,14
2025-11-07,UrbanThread,1371,464,52,18,10
2025-11-07,HomeNest,563,199,23,10,6
2025-11-07,TechEase,1135,491,60,25,15
2025-11-07,WellRoot,1083,489,67,36,26
2025-11-08,AuraGlow,1043,429,55,25,17
2025-11-08,UrbanThread,1501,530,52,20,12
2025-11-08,HomeNest,915,310,43,18,12
2025-11-08,TechEase,893,339,33,13,7
2025-11-08,WellRoot,1267,523,73,35,27
2025-11-09,AuraGlow,1208,482,66,29,22
2025-11-09,UrbanThread,1580,507,51,19,12
2025-11-09,HomeNest,1094,399,39,17,10
2025-11-09,TechEase,1063,476,43,17,10
2025-11-09,WellRoot,1160,535,79,39,28
2025-11-10,AuraGlow,1522,584,86,40,30
2025-11-10,UrbanThread,1729,659,48,16,9
2025-11-10,HomeNest,951,346,42,18,11
2025-11-10,TechEase,940,372,34,14,8
2025-11-10,WellRoot,955,417,60,29,22
2025-11-11,AuraGlow,1338,474,59,27,19
2025-11-11,UrbanThread,1291,411,37,13,8
2025-11-11,HomeNest,734,280,27,11,7
2025-11-11,TechEase,1185,452,29,12,6
2025-11-11,WellRoot,911,449,54,30,21
2025-11-12,AuraGlow,1043,461,65,32,23
2025-11-12,UrbanThread,1399,476,44,16,9
2025-11-12,HomeNest,1023,432,54,26,16
2025-11-12,TechEase,1100,422,39,16,9
2025-11-12,WellRoot,993,448,62,34,25
2025-11-13,AuraGlow,1325,598,100,46,32
2025-11-13,UrbanThread,1209,411,26,9,5
2025-11-13,HomeNest,728,279,27,11,7
2025-11-13,TechEase,1214,464,43,15,9
2025-11-13,WellRoot,1034,492,78,40,30
2025-11-14,AuraGlow,1152,473,60,30,20
2025-11-14,UrbanThread,1468,424,29,10,5
2025-11-14,HomeNest,795,299,31,13,8
2025-11-14,TechEase,1474,561,55,22,13
2025-11-14,WellRoot,821,326,50,24,18
2025-11-15,AuraGlow,1609,676,100,48,33
2025-11-15,UrbanThread,1338,499,43,15,8
2025-11-15,HomeNest,1051,421,51,24,15
2025-11-15,TechEase,1041,425,37,13,8
2025-11-15,WellRoot,939,406,55,28,20
2025-11-16,AuraGlow,1307,533,73,37,25
2025-11-16,UrbanThread,1709,536,42,15,9
2025-11-16,HomeNest,963,350,40,16,10
2025-11-16,TechEase,1107,447,48,19,12
2025-11-16,WellRoot,590,284,30,14,10
2025-11-17,AuraGlow,1337,515,68,34,25
2025-11-17,UrbanThread,1217,425,36,12,7
2025-11-17,HomeNest,996,366,33,13,8
2025-11-17,TechEase,1232,518,55,22,13
2025-11-17,WellRoot,903,414,58,28,21
2025-11-18,AuraGlow,1143,486,66,34,23
2025-11-18,UrbanThread,1438,554,44,15,8
2025-11-18,HomeNest,1156,460,44,17,11
2025-11-18,TechEase,1489,588,46,19,10
2025-11-18,WellRoot,909,402,60,30,22
2025-11-19,AuraGlow,1415,595,81,36,27
2025-11-19,UrbanThread,1615,559,47,16,10
2025-11-19,HomeNest,1023,408,44,20,13
2025-11-19,TechEase,1400,552,53,22,13
2025-11-19,WellRoot,1239,569,85,45,33
2025-11-20,AuraGlow,1342,590,71,32,22
2025-11-20,UrbanThread,1686,544,44,15,9
2025-11-20,HomeNest,1157,492,62,23,15
2025-11-20,TechEase,1236,503,56,22,12
2025-11-20,WellRoot,520,264,31,15,11
2025-11-21,AuraGlow,1154,503,70,36,26
2025-11-21,UrbanThread,1582,498,34,10,6
2025-11-21,HomeNest,1099,416,52,22,14
2025-11-21,TechEase,1149,464,47,21,12
2025-11-21,WellRoot,695,318,45,21,16
2025-11-22,AuraGlow,923,379,40,19,13
2025-11-22,UrbanThread,1444,510,44,16,10
2025-11-22,HomeNest,943,363,28,12,8
2025-11-22,TechEase,1142,462,41,16,9
2025-11-22,WellRoot,777,327,39,19,13
2025-11-23,AuraGlow,1242,496,68,35,23
2025-11-23,UrbanThread,1730,612,60,23,14
2025-11-23,HomeNest,935,368,37,14,9
2025-11-23,TechEase,1174,479,56,24,14
2025-11-23,WellRoot,521,241,32,16,11
2025-11-24,AuraGlow,1350,508,60,29,22
2025-11-24,UrbanThread,1425,503,44,16,10
2025-11-24,HomeNest,852,362,32,14,8
2025-11-24,TechEase,1321,542,49,20,11
2025-11-24,WellRoot,632,284,38,20,15
2025-11-25,AuraGlow,1023,464,58,27,18
2025-11-25,UrbanThread,1603,609,62,23,13
2025-11-25,HomeNest,1003,378,45,19,12
2025-11-25,TechEase,1390,555,50,22,12
2025-11-25,WellRoot,1226,608,82,42,33
2025-11-26,AuraGlow,1091,402,48,24,16
2025-11-26,UrbanThread,1647,538,52,20,13
2025-11-26,HomeNest,833,317,33,14,9
2025-11-26,TechEase,1220,485,39,17,10
2025-11-26,WellRoot,786,366,45,23,17
2025-11-27,AuraGlow,1423,576,83,41,27
2025-11-27,UrbanThread,1986,701,70,24,15
2025-11-27,HomeNest,1247,477,51,21,14
2025-11-27,TechEase,1031,409,38,16,10
2025-11-27,WellRoot,962,455,71,31,21
2025-11-28,AuraGlow,1100,438,57,26,18
2025-11-28,UrbanThread,1631,547,53,19,12
2025-11-28,HomeNest,1142,431,54,22,13
2025-11-28,TechEase,1014,365,37,17,10
2025-11-28,WellRoot,1304,581,71,41,31
2025-11-29,AuraGlow,1576,682,82,42,29
2025-11-29,UrbanThread,1791,587,47,14,9
2025-11-29,HomeNest,1040,367,47,19,11
2025-11-29,TechEase,1290,539,57,25,15
2025-11-29,WellRoot,867,420,61,29,22
2025-11-30,AuraGlow,1353,553,65,29,20
2025-11-30,UrbanThread,1531,478,49,17,10
2025-11-30,HomeNest,864,345,32,13,9
2025-11-30,TechEase,954,394,37,15,8
2025-11-30,WellRoot,910,417,63,31,24
2025-12-01,AuraGlow,1130,489,58,27,18
2025-12-01,UrbanThread,1528,526,44,15,8
2025-12-01,HomeNest,927,299,31,13,8
2025-12-01,TechEase,1256,496,44,19,11
2025-12-01,WellRoot,985,453,65,32,25
2025-12-02,AuraGlow,1314,537,70,33,22
2025-12-02,UrbanThread,1313,531,39,14,8
2025-12-02,HomeNest,1033,415,49,23,14
2025-12-02,TechEase,834,314,35,14,8
2025-12-02,WellRoot,717,311,43,24,18
2025-12-03,AuraGlow,995,420,55,25,18
2025-12-03,UrbanThread,1889,683,65,22,13
2025-12-03,HomeNest,877,376,38,18,12
2025-12-03,TechEase,1145,425,32,12,6
2025-12-03,WellRoot,854,372,60,31,24
2025-12-04,AuraGlow,959,418,59,28,21
2025-12-04,UrbanThread,1580,549,52,18,11
2025-12-04,HomeNest,952,380,40,17,11
2025-12-04,TechEase,1363,532,51,19,11
2025-12-04,WellRoot,1179,539,89,46,35
2025-12-05,AuraGlow,1052,448,56,25,18
2025-12-05,UrbanThread,1609,569,54,18,10
2025-12-05,HomeNest,947,400,45,21,14
2025-12-05,TechEase,835,333,38,17,10
2025-12-05,WellRoot,1003,451,62,31,23
2025-12-06,AuraGlow,1245,534,75,38,26
2025-12-06,UrbanThread,1370,418,35,12,7
2025-12-06,HomeNest,1072,394,41,16,11
2025-12-06,TechEase,1006,384,31,12,7
2025-12-06,WellRoot,761,306,42,22,15
2025-12-07,AuraGlow,910,361,43,20,15
2025-12-07,UrbanThread,1591,622,54,19,11
2025-12-07,HomeNest,1083,393,40,15,10
2025-12-07,TechEase,1236,543,57,28,17
2025-12-07,WellRoot,887,382,58,30,20
2025-12-08,AuraGlow,1316,506,66,28,21
2025-12-08,UrbanThread,1482,502,50,16,9
2025-12-08,HomeNest,941,343,41,18,12
2025-12-08,TechEase,1554,674,82,32,18
2025-12-08,WellRoot,903,415,62,32,24
2025-12-09,AuraGlow,1264,509,71,35,25
2025-12-09,UrbanThread,1437,536,48,18,11
2025-12-09,HomeNest,852,335,47,21,14
2025-12-09,TechEase,864,384,33,13,7
2025-12-09,WellRoot,922,462,70,36,26
2025-12-10,AuraGlow,1223,568,58,26,19
2025-12-10,UrbanThread,1386,431,33,13,7
2025-12-10,HomeNest,941,341,39,18,11
2025-12-10,TechEase,1013,412,41,17,10
2025-12-10,WellRoot,1039,494,71,34,23
2025-12-11,AuraGlow,1409,571,82,41,28
2025-12-11,UrbanThread,1316,444,38,14,9
2025-12-11,HomeNest,1197,527,57,25,17
2025-12-11,TechEase,457,181,21,8,4
2025-12-11,WellRoot,824,408,71,38,27
2025-12-12,AuraGlow,1081,405,50,22,15
2025-12-12,UrbanThread,1226,442,43,17,11
2025-12-12,HomeNest,1163,430,43,18,12
2025-12-12,TechEase,1045,419,41,17,10
2025-12-12,WellRoot,1009,446,55,27,20
2025-12-13,AuraGlow,1145,486,60,27,19
2025-12-13,UrbanThread,1456,527,46,18,10
2025-12-13,HomeNest,1030,384,38,15,9
2025-12-13,TechEase,1138,454,55,22,12
2025-12-13,WellRoot,632,260,35,19,14
2025-12-14,AuraGlow,1282,540,66,31,22
2025-12-14,UrbanThread,1397,442,47,17,10
2025-12-14,HomeNest,667,246,25,10,6
2025-12-14,TechEase,1035,391,48,20,11
2025-12-14,WellRoot,1276,563,88,50,36
2025-12-15,AuraGlow,1190,460,42,20,14
2025-12-15,UrbanThread,1223,427,38,14,9
2025-12-15,HomeNest,1317,440,46,19,13
2025-12-15,TechEase,1199,490,44,17,10
2025-12-15,WellRoot,779,330,42,21,15
2025-12-16,AuraGlow,1606,618,77,35,25
2025-12-16,UrbanThread,1343,411,31,11,7
2025-12-16,HomeNest,570,213,28,11,7
2025-12-16,TechEase,711,298,26,10,6
2025-12-16,WellRoot,853,420,58,31,24
2025-12-17,AuraGlow,1504,656,76,38,26
2025-12-17,UrbanThread,1231,420,36,14,7
2025-12-17,HomeNest,1303,487,60,26,18
2025-12-17,TechEase,1303,466,47,19,11
2025-12-17,WellRoot,699,294,41,20,15
2025-12-18,AuraGlow,1504,660,90,45,33
2025-12-18,UrbanThread,1503,544,50,18,11
2025-12-18,HomeNest,905,330,31,13,8
2025-12-18,TechEase,993,377,34,13,7
2025-12-18,WellRoot,526,251,36,17,12
2025-12-19,AuraGlow,1358,591,81,41,30
2025-12-19,UrbanThread,1571,533,57,20,11
2025-12-19,HomeNest,1070,417,33,15,9
2025-12-19,TechEase,1177,476,46,18,10
2025-12-19,WellRoot,897,440,55,28,20
2025-12-20,AuraGlow,1270,539,72,34,23
2025-12-20,UrbanThread,1633,466,54,19,12
2025-12-20,HomeNest,894,338,37,16,10
2025-12-20,TechEase,862,322,34,14,8
2025-12-20,WellRoot,1226,558,75,39,28
2025-12-21,AuraGlow,1150,503,61,28,19
2025-12-21,UrbanThread,1603,565,43,15,9
2025-12-21,HomeNest,857,330,34,13,8
2025-12-21,TechEase,1052,454,43,19,12
2025-12-21,WellRoot,921,422,57,30,22
2025-12-22,AuraGlow,1274,496,58,28,20
2025-12-22,UrbanThread,1365,451,36,12,7
2025-12-22,HomeNest,1118,478,52,23,15
2025-12-22,TechEase,1341,518,54,21,12
2025-12-22,WellRoot,962,386,55,28,20
2025-12-23,AuraGlow,1382,588,81,37,26
2025-12-23,UrbanThread,1721,560,55,21,13
2025-12-23,HomeNest,666,239,27,11,7
2025-12-23,TechEase,1382,535,53,23,13
2025-12-23,WellRoot,709,329,45,23,17
2025-12-24,AuraGlow,1198,508,78,37,25
2025-12-24,UrbanThread,1485,524,55,21,13
2025-12-24,HomeNest,752,252,25,10,6
2025-12-24,TechEase,1330,569,51,20,11
2025-12-24,WellRoot,674,327,41,19,14
2025-12-25,AuraGlow,1386,588,78,40,29
2025-12-25,UrbanThread,1587,486,19,6,3
2025-12-25,HomeNest,998,321,34,14,9
2025-12-25,TechEase,788,321,29,12,7
2025-12-25,WellRoot,719,326,43,21,16
2025-12-26,AuraGlow,1147,468,52,24,17
2025-12-26,UrbanThread,1638,612,49,17,9
2025-12-26,HomeNest,1049,414,48,19,12
2025-12-26,TechEase,1248,517,56,25,13
2025-12-26,WellRoot,949,466,65,31,24
2025-12-27,AuraGlow,937,415,54,26,18
2025-12-27,UrbanThread,1583,516,45,16,10
2025-12-27,HomeNest,833,339,41,18,12
2025-12-27,TechEase,1119,448,43,18,10
2025-12-27,WellRoot,956,418,52,27,19
2025-12-28,AuraGlow,1584,638,77,39,27
2025-12-28,UrbanThread,1694,602,54,20,12
2025-12-28,HomeNest,1173,451,53,22,14
2025-12-28,TechEase,965,396,31,12,7
2025-12-28,WellRoot,800,363,49,25,19
2025-12-29,AuraGlow,981,412,59,27,20
2025-12-29,UrbanThread,1172,382,46,17,10
2025-12-29,HomeNest,962,354,40,19,11
2025-12-29,TechEase,1156,486,43,17,9
2025-12-29,WellRoot,1263,581,87,46,32
2025-12-30,AuraGlow,1133,481,65,27,18
2025-12-30,UrbanThread,1620,541,59,23,13
2025-12-30,HomeNest,832,271,28,11,7
2025-12-30,TechEase,947,339,41,18,10
2025-12-30,WellRoot,777,337,47,25,18
2025-12-31,AuraGlow,1202,535,72,32,25
2025-12-31,UrbanThread,1451,465,49,17,10
2025-12-31,HomeNest,1026,412,37,16,10
2025-12-31,TechEase,1130,475,40,18,10
2025-12-31,WellRoot,902,406,55,26,19
